id_cliente,antiguedad_empresa_anos,sector_industrial,ingresos_anuales_mxn,deuda_total_mxn,historial_pagos_atrasados,calificacion_buro,default_12m,monto_solicitado_mxn
COV-1000,9.5,Manufactura,5388966.19,4093290.34,1,D,0,1042088.49
COV-1001,6.9,Construcción,806689.27,184032.16,3,C,0,658716.3
COV-1002,10.2,Servicios Profesionales,4721557.55,2875892.65,1,B,0,656435.67
COV-1003,15.8,Retail,400301.58,284881.54,1,B,0,289018.04
COV-1004,6.6,Retail,6110431.9,5935242.68,2,,0,694186.35
COV-1005,6.6,Manufactura,7922611.81,3990198.13,1,D,0,340524.28
COV-1006,16.3,T.I.,1807841.31,1202018.72,0,B,0,771383.9
COV-1007,,Tech,3698906.14,884879.85,3,A,0,65844.79
COV-1008,5.8,T.I.,23072625.6,2805833.37,3,B,0,286681.33
COV-1009,9.7,Servicios,1971397.61,1515915.8,3,C,0,2476000.46
COV-1010,5.9,Servicios Profesionales,1133807.97,679023.92,1,C,1,205444.78
COV-1011,5.9,Retail,14384523.11,12021182.47,2,A,0,241871.46
COV-1012,8.3,Manufactura,23267944.31,7569514.2,0,C,0,282670.92
COV-1013,,Servicios Profesionales,3281120.94,2309844.92,1,A,0,131293.93
COV-1014,3.1,Retail,8988558.38,8752730.68,1,A,0,48616.55
COV-1015,5.6,Retail,12502959.27,8551287.99,1,C,1,351306.24
COV-1016,4.5,Servicios,1555823.85,1019556.73,1,C,1,506793.76
COV-1017,8.6,Tech,2012109.36,1210708.77,0,B,0,419783.73
COV-1018,4.7,Construcción,11193843.67,3199465.91,4,B,0,382743.92
COV-1019,3.6,Construcción,17628267.49,15356240.96,3,C,1,461870.98
COV-1020,15.4,Tecnología,5739489.69,2742491.59,3,C,1,1230389.66
COV-1021,6.6,Servicios Profesionales,1356184.29,950545.03,5,C,1,365694.59
COV-1022,7.6,Tecnología,23844427.77,6852724.94,3,B,0,249176.67
COV-1023,3.6,T.I.,1922292.62,699922.25,3,,0,333992.73
COV-1024,5.6,Retail,2338130.46,2073962.59,2,D,0,789651.32
COV-1025,7.8,Servicios Profesionales,4603547.84,2442364.16,1,,0,1815782.17
COV-1026,4.2,Construcción,15466089.65,13774951.55,1,C,0,236063.53
COV-1027,8.9,Manufactura,7678816.38,4487146.05,2,B,0,488421.38
COV-1028,5.5,Servicios,4949838.46,1146483.79,0,B,0,620547.51
COV-1029,6.4,Servicios,5195422.62,4044187.21,2,B,0,163967.25
COV-1030,5.5,Retail,3414407.95,1645818.17,4,A,0,451539.06
COV-1031,18.7,Manufactura,5712341.2,4225634.5,2,B,0,102163.13
COV-1032,7.3,Manufactura,260521.31,157626.38,3,C,0,75429.2
COV-1033,,Retail,2429977.46,708037.97,0,A,0,638416.65
COV-1034,11.1,Retail,4161232.8,2633473.43,0,B,0,301379.41
COV-1035,4.0,Construcción,1034041.96,1074622.55,2,D,1,541598.6
COV-1036,8.2,Manufactura,4810556.43,3360641.69,3,B,1,434566.83
COV-1037,2.8,Servicios,2664504.79,1568051.61,2,B,0,166641.48
COV-1038,3.8,Manufactura,18915186.92,15417176.44,0,B,0,422838.55
COV-1039,8.2,Construcción,15760537.15,10120371.92,1,B,0,128913.73
COV-1040,,Manufactura,2051731.09,1317020.23,1,B,0,1777951.4
COV-1041,8.1,Servicios Profesionales,2811313.27,1073007.9,2,C,0,114008.66
COV-1042,7.0,Construcción,3036003.09,1963594.52,1,B,0,363747.32
COV-1043,6.4,Construcción,2080961.33,1679520.34,1,C,0,156018.27
COV-1044,3.5,Retail,3972971.99,1719452.89,2,B,0,782634.58
COV-1045,,Construcción,1531438.32,1355168.49,2,B,1,317606.55
COV-1046,5.9,Servicios Profesionales,1055351.73,613854.62,1,B,0,263374.77
COV-1047,12.5,Servicios Profesionales,6093366.17,2574118.76,0,C,1,1038410.3
COV-1048,8.8,Retail,6135054.9,4905138.45,1,B,0,455627.37
COV-1049,3.1,Retail,1462538.58,793633.62,2,A,0,741658.7
COV-1050,8.7,Tech,8003227.3,6017650.44,2,A,0,165822.64
COV-1051,6.1,Servicios Profesionales,1738307.11,941551.05,1,A,0,108573.54
COV-1052,5.3,Servicios Profesionales,4210808.53,2476101.83,0,A,0,492479.42
COV-1053,10.0,Tech,7424857.22,5187837.14,3,B,0,321628.89
COV-1054,12.4,T.I.,3160963.47,2080481.08,4,A,0,827723.69
COV-1055,11.8,Retail,5151203.38,1034844.02,0,C,0,408436.42
COV-1056,4.9,Tecnología,1950449.38,732883.8,2,A,0,543114.44
COV-1057,6.3,Retail,2685918.78,2110815.21,6,B,0,87257.38
COV-1058,8.7,T.I.,2660808.47,1526167.05,1,B,0,2923923.51
COV-1059,12.0,Tecnología,1549467.15,767379.4,3,A,0,375403.98
COV-1060,5.8,Construcción,2739335.24,899283.21,1,C,0,888763.96
COV-1061,6.7,Retail,694801.66,266840.48,0,A,0,191742.45
COV-1062,4.2,Retail,2000377.06,391354.31,1,B,0,601998.3
COV-1063,4.1,Manufactura,2458653.76,1425389.41,2,C,1,120229.2
COV-1064,11.1,Manufactura,2530228.69,1215300.43,1,B,0,695278.55
COV-1065,14.6,Retail,2567652.34,1044219.07,2,A,0,309906.5
COV-1066,7.1,Construcción,3073218.06,1802059.21,1,B,0,455518.0
COV-1067,12.2,Retail,5280025.67,3552370.26,3,C,0,889108.03
COV-1068,8.9,Manufactura,7838178.84,7984279.25,2,,0,128986.07
COV-1069,5.4,T.I.,1706977.42,508036.28,2,,0,223129.65
COV-1070,8.9,Servicios Profesionales,981462.56,816455.35,3,B,0,698942.87
COV-1071,15.9,T.I.,1153089.69,916268.49,0,D,1,3606403.14
COV-1072,7.3,Retail,2008295.84,892047.76,2,A,0,385354.0
COV-1073,16.2,Servicios Profesionales,2299215.84,1472986.17,2,A,0,799015.89
COV-1074,2.0,Retail,1513603.72,769627.15,2,C,0,397531.13
COV-1075,11.1,Retail,894377.6,569841.7,5,A,0,3085565.78
COV-1076,7.7,Construcción,2071698.11,1868311.64,2,A,0,77093.81
COV-1077,6.4,Retail,3919311.74,2826298.97,0,A,0,486319.48
COV-1078,7.7,Servicios,5927004.3,4159107.38,2,B,0,87068.98
COV-1079,2.7,Servicios Profesionales,1872110.47,962148.97,4,C,1,36077.64
COV-1080,6.6,Manufactura,2162990.21,655794.12,0,,0,595681.88
COV-1081,8.8,Construcción,1294068.5,722486.67,1,A,0,508641.03
COV-1082,15.5,Retail,3167840.96,2665173.12,3,B,0,332755.43
COV-1083,5.7,Tecnología,1399424.12,412223.37,1,D,1,397840.29
COV-1084,4.9,Construcción,5798604.33,2255553.44,0,C,0,9803984.42
COV-1085,5.7,Servicios,548056.42,342674.22,1,B,0,341746.62
COV-1086,11.7,Construcción,2281560.8,919626.53,1,D,0,736838.75
COV-1087,8.7,Retail,4417600.97,1950350.11,2,C,0,231106.79
COV-1088,5.7,Servicios Profesionales,3928760.41,2024412.78,0,A,0,594355.3
COV-1090,7.8,Tech,4638028.88,1879216.28,1,A,0,293455.57
COV-1091,12.0,Construcción,1197738.08,887147.33,2,C,1,2727506.92
COV-1092,5.2,Manufactura,2971376.15,1005888.21,4,,0,1435731.4
COV-1093,6.3,Tecnología,553354.25,155174.68,2,B,0,507243.6
COV-1094,6.1,Retail,3015874.06,1429509.24,0,A,0,44169.42
COV-1095,3.6,Servicios,1421103.08,1060698.69,2,D,1,308350.0
COV-1096,8.6,Servicios Profesionales,8165187.73,4577531.93,1,B,0,6602953.22
COV-1097,8.4,Construcción,1886926.22,956829.69,1,D,1,351279.8
COV-1098,7.4,Tecnología,,1771055.89,0,D,0,1333366.59
COV-1099,6.6,Manufactura,1731402.2,434336.98,1,A,0,1870922.91
COV-1100,3.6,Retail,18603333.66,13002635.06,1,B,0,550710.16
COV-1101,6.0,Retail,2370845.58,1604320.4,1,A,0,190646.91
COV-1102,6.2,Retail,20430859.64,10586010.99,2,D,0,38742.31
COV-1103,4.9,Manufactura,7379022.7,5911961.58,1,B,0,876913.13
COV-1104,6.8,Construcción,,1982571.58,1,A,0,195877.35
COV-1105,9.0,Servicios,4726677.81,3902259.17,3,A,0,527629.94
COV-1106,19.0,Servicios,4846645.13,3057742.27,2,B,0,126776.33
COV-1107,8.1,Retail,475597.61,253345.84,1,D,1,339341.57
COV-1108,8.4,Construcción,,1474227.08,4,B,0,457585.51
COV-1109,7.1,Tech,7611402.21,4403554.27,1,C,0,578731.3
COV-1110,2.8,Retail,3113016.71,2627562.24,1,B,0,145099.91
COV-1111,7.3,Tech,801956.91,308484.09,1,,0,1464333.79
COV-1112,7.6,Servicios,3102117.65,1388185.71,0,D,1,243556.74
COV-1113,,Retail,17968046.0,14504895.21,1,A,1,82911.62
COV-1114,6.7,Servicios Profesionales,11374581.33,5469956.69,0,D,0,396716.25
COV-1115,8.6,Servicios Profesionales,3072481.17,2396862.89,1,B,0,457885.9
COV-1116,7.3,Retail,8464989.03,7956134.81,1,A,0,519483.04
COV-1117,,Construcción,2265923.54,1177466.76,3,B,0,1727407.7
COV-1118,13.1,Construcción,594887.99,437999.65,2,D,0,349252.75
COV-1119,10.8,Tecnología,1296960.51,478917.64,0,D,1,392534.76
COV-1120,11.0,Servicios Profesionales,15601673.91,11716024.91,1,A,0,146798.42
COV-1121,4.7,Servicios Profesionales,2485555.96,1590469.47,2,A,0,1005055.68
COV-1122,14.9,Tecnología,2562812.95,1780149.5,2,B,0,531952.28
COV-1123,3.7,Servicios,2422139.51,1140550.58,6,B,0,290678.25
COV-1124,9.9,Retail,21946902.9,5877014.45,1,C,0,65862.55
COV-1125,22.1,Servicios,16617367.07,11642965.1,2,A,0,1875549.41
COV-1126,4.5,Construcción,30062233.28,5631238.58,4,D,1,129614.51
COV-1127,5.6,Servicios Profesionales,2788333.85,1496024.49,0,B,0,244928.59
COV-1128,7.8,Retail,4393446.2,3463074.1,0,C,0,633075.21
COV-1129,5.7,T.I.,717377.48,457959.11,1,B,0,133711.81
COV-1130,3.4,Retail,14316659.63,14168747.48,3,B,0,99358.54
COV-1131,7.6,Manufactura,1016850.28,818586.67,0,D,0,52894.38
COV-1132,4.3,Retail,4060333.06,1905190.79,0,B,0,909815.36
COV-1133,9.4,Manufactura,1091100.6,660620.69,1,C,0,256482.0
COV-1134,4.7,T.I.,1814160.12,1071308.46,0,D,1,8262767.13
COV-1135,16.0,Servicios,1415137.94,401283.09,1,B,0,163676.13
COV-1136,5.0,Retail,1780001.45,733218.58,2,B,0,176054.52
COV-1137,6.3,Construcción,1906686.16,930172.68,2,A,0,251351.35
COV-1138,11.1,Construcción,1889326.94,364178.91,2,,0,564183.4
COV-1139,4.0,Construcción,7521934.51,4584609.26,2,A,0,276453.15
COV-1140,8.3,Retail,1082882.7,595786.5,0,A,0,816132.68
COV-1141,14.2,Servicios Profesionales,4075652.55,1081764.67,1,A,0,166277.21
COV-1142,3.3,Construcción,11050200.74,7523447.1,0,B,0,111124.7
COV-1143,,T.I.,1956765.94,1454218.64,2,B,0,73261.12
COV-1144,8.4,Retail,1594516.49,1029111.94,2,B,0,47878.69
COV-1145,10.9,Retail,2595981.87,1389334.1,2,A,0,263532.24
COV-1146,4.0,Servicios Profesionales,10635682.81,7639487.91,1,A,0,327426.76
COV-1147,3.8,Construcción,3969329.04,2921601.11,3,B,0,235287.39
COV-1148,9.6,Servicios,1921824.79,1271250.03,2,B,0,1534025.37
COV-1149,8.6,Servicios Profesionales,5303495.3,2307431.74,2,,0,1510619.23
COV-1150,8.4,Retail,1085669.98,711461.42,3,,0,316537.5
COV-1151,8.8,Tecnología,6461419.0,5421751.68,2,C,0,73576.35
COV-1152,5.3,Construcción,4918958.15,2364416.22,0,B,0,251021.76
COV-1153,8.3,Manufactura,2402911.12,2449979.03,1,B,0,242844.99
COV-1154,8.6,T.I.,,699388.55,1,D,1,229318.02
COV-1155,5.2,Construcción,1346903.86,816872.14,1,C,0,220197.71
COV-1156,18.8,Retail,5580658.49,2597812.6,0,B,0,230161.64
COV-1157,9.4,Servicios,11172662.48,7202503.43,0,B,0,300576.74
COV-1158,4.1,Manufactura,1728375.06,434782.53,0,A,0,234323.73
COV-1159,10.3,T.I.,5170017.87,2537401.55,2,B,0,544880.9
COV-1160,4.5,Servicios,405539.27,154743.96,5,D,1,634357.98
COV-1161,11.0,Tecnología,1821885.06,1142445.22,2,B,0,177967.27
COV-1162,13.2,T.I.,3169045.72,2531717.27,1,D,0,1577048.04
COV-1163,4.9,Manufactura,1316275.33,959829.6,2,B,0,166032.31
COV-1164,12.0,Construcción,1281438.23,161035.94,1,D,0,87745.81
COV-1165,9.1,Servicios,1676502.68,1690608.66,3,B,0,647437.84
COV-1166,11.1,Retail,4378394.79,2885607.3,0,,0,195358.55
COV-1167,19.1,Tecnología,2710574.01,1205392.73,0,B,0,610047.11
COV-1168,6.5,T.I.,348630.8,220134.41,0,A,0,39987.87
COV-1169,5.1,Manufactura,392110.85,249083.7,1,A,0,1780591.09
COV-1170,4.7,Construcción,1781800.31,831441.94,2,C,0,866565.87
COV-1171,4.9,Construcción,5166399.52,3304343.03,0,A,0,98668.74
COV-1172,7.1,Manufactura,209503.38,100248.53,1,C,0,100833.19
COV-1173,8.8,Construcción,1983294.33,1029582.83,0,A,0,2355505.48
COV-1174,8.5,Retail,1931393.16,893740.93,0,A,0,211635.37
COV-1175,11.2,Retail,13102816.67,4107284.15,2,D,1,192108.41
COV-1176,7.4,Retail,2224356.43,1399492.32,1,,0,45887.49
COV-1177,15.3,Construcción,4794543.15,3437974.57,2,B,0,311520.93
COV-1178,6.5,Tecnología,3764995.18,2646703.96,2,B,0,352314.8
COV-1179,28.8,Retail,388261.17,296625.73,1,B,0,904821.62
COV-1180,10.1,Servicios Profesionales,7047667.13,4685768.65,1,D,1,109198.39
COV-1181,4.8,Tecnología,,2000830.08,1,B,0,96733.32
COV-1182,4.3,Retail,5434448.71,4173291.27,1,B,0,694510.55
COV-1183,9.4,Construcción,,54461717.77,0,C,0,1210725.19
COV-1184,6.6,Construcción,,170768.95,3,,0,91935.97
COV-1185,10.6,Servicios,18341863.9,7468073.04,0,B,0,1304739.66
COV-1186,9.4,Construcción,2452338.17,2001135.44,2,D,0,459338.11
COV-1187,7.1,Servicios Profesionales,4357150.75,3435864.79,1,B,0,1318236.4
COV-1188,4.8,Construcción,3123571.93,2178569.75,5,C,1,412412.62
COV-1189,3.5,Tecnología,2138817.51,1741822.98,1,B,0,35515.41
COV-1190,5.9,Tecnología,1849021.38,784250.3,2,C,0,380040.31
COV-1191,11.3,Retail,4544865.7,3043783.02,1,,1,1277152.85
COV-1192,8.2,Construcción,716996.55,412248.0,1,A,0,181000.3
COV-1193,4.0,Servicios Profesionales,6924519.13,5327561.74,1,A,0,300149.22
COV-1194,8.1,Retail,2156087.07,1243965.55,1,B,0,370966.3
COV-1195,9.0,Retail,1055928.11,552262.46,1,C,0,24354.85
COV-1196,4.7,Servicios,2084390.7,1476127.36,0,A,0,2353343.35
COV-1197,8.0,Servicios,11491856.56,8908876.01,1,A,0,179624.59
COV-1198,7.6,Tech,1913921.65,892520.92,1,B,0,733611.91
COV-1199,4.2,Construcción,4678338.66,2749856.66,2,D,0,405671.45
COV-1200,8.8,Retail,1573863.09,611149.72,0,B,0,1555984.55
COV-1201,9.8,Tech,6975550.8,700260.17,2,B,0,664012.41
COV-1202,,Retail,6488278.11,4153094.43,2,A,0,349785.62
COV-1203,12.5,Construcción,20761457.76,14985227.22,1,B,0,181042.1
COV-1204,3.7,Construcción,2742652.44,1789343.1,1,A,0,982495.16
COV-1205,4.6,Servicios,6379847.84,1340327.28,3,A,0,67952.13
COV-1206,9.6,Tech,3605848.03,1910486.87,3,D,0,843985.35
COV-1207,9.6,Manufactura,11945578.67,1867457.66,1,D,0,147407.37
COV-1208,9.6,Servicios Profesionales,1593060.57,1392239.71,2,A,0,1547704.87
COV-1209,50.7,Construcción,6886030.23,2635897.2,0,A,0,519852.06
COV-1210,9.8,Servicios Profesionales,2690675.15,2289981.75,3,B,0,842495.64
COV-1211,13.0,Manufactura,3065777.68,2419431.82,1,B,0,480214.81
COV-1212,11.9,Servicios Profesionales,3583148.66,1504499.37,2,A,0,76697.39
COV-1213,10.2,Construcción,4206916.0,1571043.37,0,B,0,187076.11
COV-1214,6.3,Manufactura,2910312.31,1950124.74,1,A,0,866649.01
COV-1215,10.8,Retail,4051967.74,1746945.89,1,C,1,522644.0
COV-1216,5.0,Tech,15841094.79,9829350.66,2,C,0,1441204.68
COV-1217,,Construcción,8757750.92,4408953.8,1,B,0,662167.99
COV-1218,5.8,Retail,7796259.24,1900480.99,1,B,0,168265.46
COV-1219,7.7,Retail,2072902.74,319032.99,3,D,0,199573.1
COV-1220,23.5,Retail,1343460.32,866984.45,2,D,1,490370.93
COV-1221,2.9,Manufactura,8497652.94,4144207.2,1,A,0,43737.27
COV-1222,10.4,Servicios Profesionales,7850178.22,3841736.21,3,A,0,2358277.14
COV-1223,3.3,Tech,14255746.92,10537459.91,2,B,0,688139.42
COV-1224,5.8,Tecnología,1786947.43,1491544.39,0,A,0,1509115.99
COV-1225,12.7,Tecnología,2598516.71,1417467.62,0,,0,91071.12
COV-1226,7.6,Manufactura,634451.32,337452.13,1,B,0,1535804.89
COV-1227,4.3,Construcción,2207848.11,1545556.84,1,B,0,4120557.02
COV-1228,5.2,Servicios Profesionales,8855687.9,2910093.16,1,B,0,118080.47
COV-1229,10.4,Construcción,2050316.28,1321696.64,1,B,0,956849.88
COV-1230,5.1,Tecnología,6202604.21,4406188.58,1,D,1,442904.72
COV-1231,8.2,Retail,2701984.05,1988784.66,1,A,0,94425.47
COV-1232,7.6,Tecnología,4520155.84,961208.7,3,B,0,724244.25
COV-1233,5.3,Manufactura,1037483.48,464511.39,1,A,0,1018257.31
COV-1234,21.6,Tecnología,3559780.52,1510583.43,2,,0,242528.24
COV-1235,10.1,Retail,164203.87,101802.69,0,B,0,1419643.75
COV-1236,2.7,Retail,2711747.56,1887780.12,0,A,0,83553.01
COV-1237,8.1,Construcción,640194.14,575753.53,0,A,0,99234.78
COV-1238,5.3,Retail,10918776.9,5470382.61,3,A,0,507167.9
COV-1239,11.3,Construcción,7112805.81,3559856.17,2,B,0,453787.94
COV-1240,5.0,Manufactura,5213025.64,4326469.33,1,C,0,216084.87
COV-1241,7.0,Tecnología,14961730.92,9864499.42,0,A,0,994101.34
COV-1242,9.5,Tecnología,1265633.67,1080256.69,0,B,0,752302.9
COV-1243,11.4,Servicios,18762358.21,12340858.57,2,A,0,1043550.16
COV-1244,,Manufactura,8303532.33,3060488.35,2,B,0,391156.72
COV-1245,6.3,Retail,2580373.5,860230.28,0,B,0,808212.48
COV-1246,5.8,Retail,10176789.51,2948190.99,2,B,0,283324.93
COV-1247,5.3,Manufactura,1081334.5,791980.6,2,D,1,3449771.97
COV-1248,17.9,Tecnología,1433293.98,1200698.12,1,,0,196310.77
COV-1249,9.0,Construcción,1778730.16,1725141.34,1,A,0,3632012.39
COV-1250,3.9,Construcción,1926127.93,1480462.5,2,C,0,458120.69
COV-1251,11.7,T.I.,1136475.49,946192.8,3,,0,111802.49
COV-1252,21.4,T.I.,11106966.33,5375735.42,3,D,0,1737711.11
COV-1253,12.4,Tecnología,2523470.26,930445.97,2,A,0,501772.14
COV-1254,3.5,Manufactura,4650591.47,3581029.22,2,B,0,1036255.3
COV-1255,5.8,Construcción,1848063.02,1263217.88,2,A,0,1504326.61
COV-1256,13.9,Tecnología,529345.54,328982.36,2,A,0,620298.17
COV-1257,5.2,Servicios,4282542.18,2901312.25,4,C,1,244692.88
COV-1258,9.2,Retail,482987.0,321011.08,0,D,0,1173748.91
COV-1259,10.9,Servicios Profesionales,3052177.88,2614994.21,1,B,0,442747.76
COV-1260,4.6,Servicios Profesionales,832080.91,714755.1,1,C,0,878400.41
COV-1261,7.2,Construcción,23849552.19,16905613.65,0,C,0,51342.26
COV-1262,1.5,Servicios,8132368.13,6255096.94,1,A,0,691751.26
COV-1263,4.4,Manufactura,3633670.28,2553788.93,3,A,0,233611.36
COV-1264,6.5,Construcción,11567461.57,5873564.31,2,A,0,2311274.44
COV-1265,4.0,Retail,1402383.75,1053629.05,0,B,0,824957.66
COV-1266,16.7,Servicios Profesionales,5629208.36,1807544.36,3,,0,562337.65
COV-1267,3.6,Retail,3992030.01,3236651.35,3,,0,719498.7
COV-1268,5.9,Tech,4256765.18,1537098.38,1,A,0,163008.75
COV-1269,7.9,Construcción,11667917.04,7667696.03,4,A,0,2242847.21
COV-1270,15.2,Manufactura,6800400.75,2930763.33,1,,1,3240928.49
COV-1271,3.6,Construcción,4363232.16,3100852.22,3,,0,655342.65
COV-1272,13.2,Manufactura,624753.57,370613.16,2,,0,2170359.91
COV-1273,7.4,Construcción,1251625.55,351767.87,3,,0,250409.24
COV-1274,4.5,T.I.,2891514.78,1978200.71,1,,0,199363.77
COV-1275,9.3,Construcción,3588957.66,1738547.96,1,A,0,460894.64
COV-1276,8.2,Retail,1055786.22,819532.25,0,,0,683472.05
COV-1277,5.5,Construcción,36458189.75,21884580.29,1,A,0,298347.24
COV-1278,7.7,Tech,14892883.74,10113522.0,4,B,0,757491.95
COV-1279,6.1,Manufactura,5969169.24,2438323.31,1,A,0,601023.6
COV-1280,7.8,Construcción,3513196.49,1693829.91,2,B,0,163030.61
COV-1281,10.3,Manufactura,2643967.08,1343855.16,2,B,0,743253.92
COV-1282,,Construcción,1261840.01,973308.3,1,B,0,1049189.21
COV-1283,4.0,Retail,3532373.27,3304448.36,3,B,0,525165.81
COV-1284,21.5,Tech,4230169.16,1856898.95,1,B,0,1400931.74
COV-1285,2.8,Servicios,944337.99,769984.52,0,C,0,130953.32
COV-1286,6.8,Retail,4566129.27,758272.05,5,A,0,706409.53
COV-1287,9.9,Retail,2798910.94,1010860.61,1,C,0,137271.95
COV-1288,8.5,Retail,485139.83,198055.57,1,C,0,145207.44
COV-1289,5.4,Servicios Profesionales,1382791.71,455627.47,1,B,0,235406.52
COV-1290,6.7,Manufactura,2161676.13,612364.63,1,A,0,172463.31
COV-1291,5.8,Servicios,,14736546.11,1,B,0,255762.4
COV-1292,5.5,Manufactura,5703286.38,3177793.95,0,A,0,357128.05
COV-1293,11.3,Manufactura,859854.47,581159.37,2,A,0,1021879.86
COV-1294,8.8,Tech,5314961.31,3922943.91,2,A,0,320885.92
COV-1295,5.2,Retail,695715.44,454388.03,1,A,0,90614.93
COV-1296,11.6,Construcción,,7061054.41,3,B,0,1383418.06
COV-1297,8.6,Construcción,2040846.74,1196127.1,1,C,0,191551.09
COV-1298,11.1,Tecnología,2976812.96,1079396.32,0,,0,417182.72
COV-1299,10.1,Servicios,12308450.88,9989081.3,3,D,0,691443.35
COV-1300,4.9,Construcción,902421.0,435127.17,3,D,1,540154.46
COV-1301,5.6,Retail,808456.23,333796.01,0,D,0,1321369.88
COV-1302,10.7,Retail,1823741.42,1029349.61,1,C,0,714260.59
COV-1303,10.0,Retail,9233778.1,3854528.16,2,B,0,186967.56
COV-1304,7.3,T.I.,715440.65,369535.06,1,A,0,3908101.15
COV-1305,7.8,Retail,192498.65,128745.17,0,B,0,537311.6
COV-1306,14.0,Servicios,2082003.36,1394251.75,0,B,0,381802.9
COV-1307,5.5,Construcción,5675906.25,2386343.89,2,C,0,1159994.04
COV-1308,9.7,Construcción,10856361.18,5454875.57,3,D,0,567758.22
COV-1309,6.7,Servicios,2057163.47,1676313.8,0,B,0,659494.03
COV-1310,6.6,Retail,2166391.4,1514914.23,0,B,0,5347736.79
COV-1311,12.8,Construcción,10364538.05,10520140.94,1,A,0,336004.08
COV-1312,11.2,Servicios,503963.08,421326.05,3,,0,321978.2
COV-1313,11.1,Retail,2216587.09,1837237.3,0,B,0,497115.92
COV-1314,14.2,Retail,3954733.96,1275110.2,5,B,0,1291759.67
COV-1315,7.5,Construcción,5122835.85,3856327.75,1,C,0,98072.86
COV-1316,10.4,Tecnología,1963409.98,1157191.9,1,B,0,61972.38
COV-1317,6.3,Construcción,3383566.92,1657283.39,3,D,1,245950.29
COV-1318,8.7,Construcción,271487.84,172015.53,1,B,0,86342.48
COV-1319,6.9,Servicios,1692558.06,1335499.92,0,,0,289285.29
COV-1320,7.8,Servicios,5144859.98,3602257.67,1,A,0,731241.97
COV-1321,10.0,Servicios Profesionales,1224087.18,519386.6,1,C,0,181543.6
COV-1322,4.9,Manufactura,3467637.98,2595498.53,1,B,0,106209.99
COV-1323,21.0,Servicios Profesionales,5110830.64,2414777.99,2,A,0,474177.58
COV-1324,4.5,T.I.,2320865.65,1493097.87,1,A,0,1048156.52
COV-1325,4.0,Tecnología,3876579.58,2090755.61,0,,1,81228.92
COV-1326,13.2,Construcción,1248267.86,694319.97,2,A,0,1004733.01
COV-1327,11.0,Servicios Profesionales,2658808.69,2002743.91,1,B,0,1001797.26
COV-1328,10.1,Tecnología,6017702.92,2358706.39,2,B,0,1148635.3
COV-1329,10.1,Tecnología,3824632.57,3782710.83,2,B,0,1496261.49
COV-1330,7.3,Servicios,1818402.14,428747.92,1,,0,4000836.11
COV-1331,4.7,Tech,4090658.04,1965424.0,1,B,0,309869.94
COV-1332,7.7,Retail,6679874.72,4502518.64,0,B,0,493644.83
COV-1333,5.3,Servicios,420861.35,301699.86,2,D,1,291723.46
COV-1334,12.0,Retail,10418296.16,6041620.53,1,C,0,443288.84
COV-1335,6.9,Manufactura,2335520.32,1374504.76,4,C,1,2049022.39
COV-1336,4.9,Servicios Profesionales,5002708.05,3412397.27,1,B,0,115264.59
COV-1337,6.3,Tecnología,10823680.42,5994003.82,3,A,0,187016.16
COV-1338,9.1,Construcción,829290.92,728645.07,1,B,0,1753599.23
COV-1339,5.6,Tecnología,1608092.09,1234805.39,2,C,0,1226943.29
COV-1340,4.9,Tech,2449639.19,1897404.46,2,A,0,307696.24
COV-1341,8.3,Servicios,1492922.97,607274.27,4,A,0,1039657.62
COV-1342,8.4,Tecnología,18530648.15,10824165.1,1,A,0,622323.82
COV-1343,5.7,Retail,1387796.65,749280.86,0,B,0,1983303.82
COV-1344,5.8,Manufactura,1875626.36,748149.33,3,C,0,476636.58
COV-1345,8.3,Manufactura,4010349.82,2695086.77,6,A,0,1233828.03
COV-1346,3.6,Servicios Profesionales,982494.94,483850.12,1,B,0,6212114.6
COV-1347,3.7,Retail,2200773.15,1608942.92,0,D,0,804598.89
COV-1348,5.2,Retail,4490404.13,1733123.96,1,A,0,464784.05
COV-1349,6.6,Manufactura,2343461.33,2211777.84,1,B,0,911135.58
COV-1350,8.6,Construcción,2977555.27,1252757.16,0,D,0,307035.65
COV-1351,15.5,Manufactura,1925445.42,1239718.19,1,D,0,4818473.36
COV-1352,11.3,Servicios Profesionales,718937.49,545221.96,1,A,0,529702.62
COV-1353,,Retail,4509032.71,2190812.35,4,A,0,336740.09
COV-1354,7.3,Tecnología,18904925.82,14566126.79,4,A,0,191819.67
COV-1355,4.5,Manufactura,3329729.51,1179267.93,2,C,1,1325393.81
COV-1356,7.3,Retail,4094946.12,3646236.42,0,C,0,1053035.4
COV-1357,6.4,Servicios,6535260.43,3939650.08,1,B,0,269048.15
COV-1358,8.7,Retail,918658.29,441615.32,1,B,0,787368.26
COV-1359,4.9,Retail,17939484.12,9690257.14,2,A,0,97874.76
COV-1360,9.6,Retail,4002096.06,3048732.16,0,B,0,532304.29
COV-1361,15.9,Retail,16715665.63,8075487.53,5,B,1,695757.43
COV-1362,7.0,Retail,1570598.01,706970.87,2,C,0,2439563.8
COV-1363,9.0,Manufactura,20136847.88,11189898.97,2,,0,204675.52
COV-1364,10.4,Construcción,7096806.8,2587549.53,1,B,0,123210.23
COV-1365,6.0,Servicios,5683285.67,5479305.62,1,A,0,180696.13
COV-1366,8.3,Servicios,4130976.82,2010633.51,0,A,0,116242.23
COV-1367,7.4,Manufactura,2549662.06,1953865.59,3,A,0,1683957.71
COV-1368,7.8,Construcción,10859291.8,6970514.43,4,A,0,2081583.16
COV-1369,5.0,Manufactura,,1516282.79,2,B,0,609391.73
COV-1370,7.5,Retail,457224.73,273790.31,1,A,0,1500479.0
COV-1371,9.5,Tecnología,1069619.5,809488.63,3,A,0,505831.24
COV-1372,15.3,Retail,2714597.49,1526547.74,1,C,0,402273.85
COV-1373,11.9,Manufactura,4457055.85,3737787.72,2,B,0,317096.8
COV-1374,21.7,Servicios,3089165.39,2484625.23,1,B,0,324359.91
COV-1375,5.0,Construcción,11061385.19,8669725.35,0,C,0,94108.01
COV-1376,11.4,Servicios Profesionales,464584.22,236040.68,0,B,0,576225.73
COV-1377,,Tech,3773780.86,1449250.76,3,D,0,424924.2
COV-1378,22.1,Construcción,530736.41,253311.19,2,A,0,932254.13
COV-1379,4.9,Retail,6988051.33,4467099.15,0,C,0,485786.01
COV-1380,4.9,Manufactura,2974365.47,2109293.11,3,D,1,375981.91
COV-1381,,Manufactura,4973378.63,824017.81,1,C,0,185128.78
COV-1382,,Servicios Profesionales,1377963.22,824541.99,1,A,0,475514.78
COV-1383,5.7,Servicios Profesionales,11751188.37,7422260.28,1,,0,925636.82
COV-1384,5.1,Construcción,9264724.34,5044560.4,1,A,0,141020.56
COV-1385,8.0,Tech,5859321.11,5028790.28,2,,0,482856.0
COV-1386,8.8,Tecnología,2871895.3,1965398.82,0,C,0,558518.46
COV-1387,18.9,Manufactura,5837757.46,5032370.99,0,B,0,215762.86
COV-1388,11.9,Construcción,1612195.43,897683.15,1,B,0,245768.1
COV-1389,5.5,Construcción,7690956.06,6056593.28,1,B,0,557161.74
COV-1390,4.7,Construcción,17012873.74,15771159.87,1,B,0,142426.16
COV-1391,9.4,Retail,9536246.91,8223474.67,1,C,0,627766.6
COV-1392,3.8,Tecnología,1575995.24,601355.15,3,C,1,180709.42
COV-1393,18.5,Retail,4692224.42,2577273.63,2,A,0,1280618.46
COV-1394,13.3,Manufactura,897042.44,476299.99,2,B,0,4582832.18
COV-1395,5.8,Retail,5794329.42,4043578.04,0,A,0,187070.94
COV-1396,3.1,Tecnología,5129934.31,3782150.32,0,B,0,754799.83
COV-1397,14.5,Tecnología,503925.47,217807.4,2,D,0,213898.76
COV-1398,7.0,Retail,1022965.33,627658.49,0,C,0,1252878.39
COV-1399,13.7,Manufactura,2462927.16,482769.52,2,B,0,124834.18
COV-1400,3.3,Servicios Profesionales,2419666.44,2149605.05,3,A,1,715392.6
COV-1401,5.5,Manufactura,975322.11,485247.28,3,A,1,184796.6
COV-1402,7.4,Retail,4823347.41,2947898.68,1,B,0,359696.32
COV-1403,7.6,Servicios Profesionales,4203691.43,2261880.49,2,A,0,157782.81
COV-1404,5.9,T.I.,2691827.44,2232078.16,1,,0,1006863.36
COV-1405,10.1,Retail,1535257.23,49893.88,3,A,0,191572.12
COV-1406,4.3,Retail,9329641.3,5566791.07,2,B,0,768322.05
COV-1407,6.9,Manufactura,17113995.09,9906200.71,1,A,0,313608.91
COV-1408,7.8,Construcción,2015622.25,1026501.43,2,D,1,394560.45
COV-1409,9.6,Tecnología,1772378.67,1675332.62,0,C,0,512858.83
COV-1410,10.5,Tecnología,5342518.16,2257396.15,1,B,0,206524.71
COV-1411,4.2,Manufactura,2285214.89,1723872.96,0,A,0,545996.1
COV-1412,3.4,Servicios,2843660.81,1908808.9,0,B,0,2043826.95
COV-1413,14.0,Retail,6849273.54,5837662.21,2,A,0,203191.71
COV-1414,8.7,Tecnología,484389.16,225997.66,3,B,0,1428035.3
COV-1415,5.1,Construcción,12216552.16,5539060.74,2,C,1,1978990.91
COV-1416,16.0,Tecnología,3515458.53,2879912.78,2,B,0,195603.52
COV-1417,7.8,Construcción,2166247.26,1484018.58,0,B,0,103253.81
COV-1418,13.3,Tech,2989945.88,870111.72,1,B,0,598367.8
COV-1419,7.6,Retail,3148476.85,1549488.24,0,D,1,255912.91
COV-1420,20.7,Construcción,578850.02,392041.53,1,D,0,2866502.54
COV-1421,17.8,Retail,14576748.19,11188424.53,3,,0,458083.86
COV-1422,6.5,Servicios,3406941.86,1581345.25,1,B,0,198352.41
COV-1423,12.0,Retail,5091088.06,87306.06,0,B,0,140482.82
COV-1424,10.2,Retail,8465839.74,5965408.57,1,A,0,1315733.63
COV-1425,14.6,Servicios Profesionales,1177421.63,419086.58,0,B,0,249899.98
COV-1426,,Manufactura,5248599.83,1031519.08,0,B,0,462235.05
COV-1427,10.4,Servicios Profesionales,2501394.44,83883.8,1,A,0,1150609.94
COV-1428,12.5,Servicios,7623687.81,5815319.88,0,A,0,272594.78
COV-1429,3.1,Retail,389559.77,243756.7,2,B,0,422553.43
COV-1430,4.1,Retail,2960609.45,1642749.59,0,C,1,435143.7
COV-1431,2.7,Servicios,1789021.44,1570411.74,4,B,0,876177.97
COV-1432,6.5,Manufactura,5036706.48,3664027.36,1,B,0,798702.92
COV-1433,10.6,Tech,,4829240.68,3,B,0,355004.69
COV-1434,15.7,Tecnología,1611013.6,517865.0,0,,0,471488.06
COV-1435,7.7,Construcción,1603703.4,951140.25,3,B,0,305046.95
COV-1436,16.7,Tecnología,2926549.47,809651.35,1,B,0,100950.7
COV-1437,3.7,Servicios Profesionales,1333553.54,738953.4,2,A,0,572404.31
COV-1438,3.2,Tecnología,,4175104.28,3,B,0,2934922.96
COV-1439,7.2,Manufactura,2259813.4,1639094.02,2,A,1,182824.3
COV-1440,9.0,Manufactura,,108799.27,0,B,0,204223.51
COV-1441,7.3,T.I.,2247160.42,1628475.42,1,D,0,185214.93
COV-1442,2.6,Servicios Profesionales,1157133.26,857074.75,2,A,0,913091.87
COV-1443,7.1,T.I.,639680.55,659501.52,2,B,0,692792.25
COV-1444,3.8,Construcción,948439.58,509255.78,1,B,0,377551.52
COV-1445,10.3,Construcción,3646974.48,1501807.53,0,C,0,176659.77
COV-1446,8.9,Construcción,12343508.17,8013611.93,2,B,0,485229.28
COV-1447,4.6,Servicios Profesionales,4471276.4,1965322.69,3,C,0,92538.3
COV-1448,5.7,Manufactura,1782445.07,1597769.78,5,C,1,510643.29
COV-1449,4.4,Servicios,5157199.18,2802197.14,1,B,0,1057612.31
COV-1450,7.2,Manufactura,2065555.36,1005687.36,1,B,0,126601.66
COV-1451,11.9,Tecnología,1632135.16,825430.9,1,B,0,95557.34
COV-1452,4.5,Tech,1030585.18,766429.18,1,C,1,2146690.46
COV-1453,9.5,Tecnología,567032.1,322329.74,4,A,0,239963.08
COV-1454,5.7,Manufactura,2213479.55,1044024.45,1,B,0,1377730.1
COV-1455,5.0,Retail,3828767.43,3572509.49,3,B,0,379269.51
COV-1456,7.0,Servicios Profesionales,2967933.06,1272548.88,0,B,0,376263.58
COV-1457,4.4,Retail,2156577.59,1309286.75,1,B,0,685848.95
COV-1458,,Construcción,1269652.68,927432.06,1,B,0,182773.17
COV-1459,4.1,Manufactura,6005859.85,1644001.9,1,A,0,505092.64
COV-1460,19.7,Retail,875778.15,609587.22,1,B,0,302099.16
COV-1461,7.5,Retail,7103000.89,2762914.38,3,B,0,118125.93
COV-1462,5.2,Tecnología,1199941.04,917422.79,0,D,1,620004.54
COV-1463,8.2,Tecnología,1540418.61,627674.06,3,A,0,339997.04
COV-1464,7.0,Manufactura,754050.64,556906.97,2,C,1,378123.13
COV-1465,6.6,Retail,1979981.09,1625894.37,1,B,0,131905.24
COV-1466,10.0,Servicios Profesionales,8669420.08,6695283.07,3,A,0,2172524.4
COV-1467,10.8,Manufactura,5474590.79,3559925.64,1,C,0,1063115.37
COV-1468,5.7,Tecnología,8696420.93,4815554.49,2,A,0,1160261.4
COV-1469,5.5,Tecnología,5510371.19,2670965.55,1,D,0,325968.26
COV-1470,6.4,Manufactura,1084175.31,969477.08,0,C,0,78497.11
COV-1471,2.3,Retail,2348320.09,1080464.32,1,A,0,3118670.61
COV-1472,3.5,Construcción,1498238.84,588188.77,1,A,0,416192.22
COV-1473,14.6,Servicios Profesionales,12367404.55,9066220.09,0,,0,209232.26
COV-1474,16.8,Tecnología,987776.12,435384.69,1,B,0,671186.0
COV-1475,6.5,Retail,7989971.01,3275786.65,1,B,0,1421354.41
COV-1476,9.9,Servicios Profesionales,7984030.12,2485262.09,3,B,1,432332.15
COV-1477,,Retail,20370945.47,10255101.28,1,B,0,1588936.0
COV-1478,34.4,Servicios,,1266197.51,1,A,0,1306679.75
COV-1479,12.9,Construcción,6664611.1,4322789.03,1,C,0,150786.29
COV-1480,6.9,Manufactura,32012974.65,25298613.33,1,C,0,225530.32
COV-1481,4.6,Retail,1762701.83,1243373.88,1,,0,1152607.31
COV-1482,3.3,Retail,704300.05,395693.77,3,C,0,29359.97
COV-1483,8.2,Manufactura,498814.7,279516.24,3,A,0,380996.06
COV-1484,5.1,Retail,6667209.93,4680591.35,1,A,0,105785.51
COV-1485,3.6,Retail,497250.79,424907.78,2,B,0,274703.11
COV-1486,5.3,T.I.,2252792.12,1408587.2,2,B,0,328134.84
COV-1487,4.3,Servicios Profesionales,5062207.38,2562356.89,5,B,0,309203.72
COV-1488,17.2,Manufactura,3934032.49,1579226.07,2,C,0,254673.79
COV-1489,11.5,Construcción,5002482.59,1555566.72,2,D,0,147687.87
COV-1490,7.4,Retail,4082784.77,2993718.0,2,B,0,4377162.61
COV-1491,15.5,Construcción,11744150.13,8404063.39,2,C,0,2863233.12
COV-1492,7.7,Manufactura,1261338.0,902452.91,4,A,0,138404.27
COV-1493,4.8,Construcción,1661123.7,953930.37,1,A,0,2152448.85
COV-1494,15.8,Tecnología,1509577.78,1330522.15,1,C,0,296717.12
COV-1495,9.7,Construcción,7498336.93,3772985.44,0,B,0,503423.72
COV-1496,4.4,Construcción,8043690.78,6362992.54,6,B,0,415287.38
COV-1497,6.7,Manufactura,5133125.65,3040100.96,0,B,0,228719.44
COV-1498,4.8,Construcción,10675838.55,5106572.22,3,B,1,1183340.99
COV-1499,3.7,Manufactura,1006469.41,723154.37,1,A,0,501764.68
COV-1500,11.7,Manufactura,17317430.78,11809227.49,1,,0,274703.76
COV-1501,19.2,Manufactura,14995168.72,10067674.58,0,A,0,120019.63
COV-1502,3.7,Servicios,6821718.63,4203922.88,1,A,0,181027.64
COV-1503,9.8,Retail,19419706.53,11504649.41,1,,0,85701.01
COV-1504,5.3,Servicios,623670.08,672113.28,1,A,0,447854.44
COV-1505,5.8,Servicios,1934872.25,1619200.41,2,C,1,133697.41
COV-1506,5.5,T.I.,1567036.07,1166760.81,3,A,0,339231.99
COV-1507,4.8,Construcción,6725920.31,4185942.63,0,A,0,1741229.19
COV-1508,7.6,Servicios Profesionales,1143791.59,916670.54,2,B,0,1467835.72
COV-1509,4.9,Manufactura,6972574.96,4905896.46,2,B,0,428361.65
COV-1510,8.5,Manufactura,12871628.99,7790436.97,2,A,0,405515.86
COV-1511,7.2,Retail,6551488.93,3533133.69,1,A,0,2898994.61
COV-1512,6.6,Retail,4341589.24,2534691.58,1,D,0,744714.44
COV-1513,4.7,Manufactura,1217276.64,0.0,0,,0,318759.93
COV-1514,5.5,Manufactura,1401633.69,900017.26,3,B,0,106295.89
COV-1515,10.8,Construcción,11405644.3,5729109.7,1,B,0,655971.89
COV-1516,9.5,Servicios,7126629.81,6546051.78,1,A,0,1013909.06
COV-1517,4.5,Manufactura,3143918.41,1898514.28,4,B,0,235236.92
COV-1518,7.8,Servicios,2152392.25,779612.22,2,B,0,591964.98
COV-1519,10.8,Retail,431141.72,254383.95,6,C,1,307560.38
COV-1520,3.2,Servicios Profesionales,1120345.39,437803.85,1,A,0,368047.62
COV-1521,9.7,Tecnología,22107314.56,15357542.07,1,C,0,36760.45
COV-1522,5.3,Servicios Profesionales,908494.79,597961.71,2,A,0,354413.15
COV-1523,,Servicios Profesionales,3951002.18,3127486.6,2,A,0,1166326.13
COV-1524,5.0,Construcción,8952505.3,3955428.49,1,A,0,235295.5
COV-1525,3.0,Construcción,931989.97,565533.02,2,A,0,466272.9
COV-1526,,Tecnología,3932203.35,1285813.35,3,D,1,207741.4
COV-1527,7.6,Servicios,8351197.82,6182383.03,2,B,0,634404.27
COV-1528,8.4,Tecnología,3310134.3,2329587.24,0,A,0,356281.63
COV-1530,10.2,Manufactura,616245.52,369946.86,1,C,0,1677057.73
COV-1531,3.2,Retail,9423607.45,6435895.85,1,C,1,1120103.91
COV-1532,7.1,Servicios Profesionales,2750238.69,2532606.31,0,D,0,241613.17
COV-1533,4.0,Servicios,7073883.32,3840985.29,1,A,0,727804.91
COV-1534,5.3,Retail,5082466.09,3190411.54,2,C,1,757222.19
COV-1535,7.6,Construcción,1570404.52,601111.18,1,B,0,840961.56
COV-1536,4.8,Construcción,4110258.14,1752399.55,1,C,0,81287.22
COV-1537,6.1,Tech,509965.6,315955.64,1,C,0,1210575.64
COV-1538,12.2,Servicios,5975913.32,4904950.23,2,B,0,250271.36
COV-1539,5.5,Construcción,4404593.21,2416993.37,0,C,0,309332.51
COV-1540,11.2,Retail,6191328.05,3422669.5,0,A,0,6186510.49
COV-1541,4.2,T.I.,9417858.88,4884317.77,0,B,0,598315.44
COV-1542,9.6,Retail,4721418.49,2327889.09,2,A,0,300642.62
COV-1543,15.2,T.I.,3790806.76,2498120.01,1,D,0,48761.95
COV-1544,2.1,Manufactura,1354484.73,407088.31,2,A,0,1775804.53
COV-1545,,Construcción,1603628.19,1373007.08,0,B,0,115242.09
COV-1546,9.9,Construcción,10710494.58,5000896.36,1,B,0,162196.05
COV-1547,6.7,Retail,13747058.14,10233044.72,2,D,0,317631.66
COV-1548,8.9,Servicios Profesionales,2576363.75,891422.58,3,B,0,1823761.7
COV-1549,5.5,Construcción,3422913.84,2511624.73,3,C,0,958610.37
COV-1550,7.7,Servicios Profesionales,1322964.52,971570.49,2,C,0,377815.96
COV-1551,6.8,Construcción,,7148671.45,0,B,0,602168.19
COV-1552,13.2,Servicios,6359223.42,2550775.42,1,B,0,242707.99
COV-1553,8.4,Manufactura,22775989.26,14802334.93,3,,1,508720.33
COV-1554,8.7,Manufactura,1358208.25,493557.62,2,D,1,476077.89
COV-1555,6.0,Retail,,1230769.05,0,C,0,1165627.23
COV-1556,5.8,T.I.,4120338.68,3320509.33,2,A,0,1163773.29
COV-1557,6.0,Manufactura,6239992.5,4738278.31,4,C,0,725036.58
COV-1558,9.0,Servicios,2634838.28,1588903.89,3,,0,307937.6
COV-1559,6.0,Servicios Profesionales,1365510.5,553084.58,1,B,0,928961.24
COV-1560,8.5,Servicios,7892373.95,5754468.3,3,C,0,403540.26
COV-1561,20.9,Construcción,6723607.26,4060226.72,0,A,0,149954.27
COV-1562,11.4,Construcción,1307628.7,177754.97,3,C,0,295585.14
COV-1563,6.3,Servicios Profesionales,12678811.87,9591850.39,1,B,0,481435.23
COV-1564,13.5,Construcción,10534843.07,6269848.02,1,C,1,1099334.75
COV-1565,,T.I.,3738879.39,3142491.67,4,A,0,368233.24
COV-1566,2.7,Servicios,3539860.45,1348495.31,2,B,0,132032.22
COV-1567,4.5,Construcción,5689072.41,0.0,5,C,0,468242.54
COV-1568,2.9,Retail,1380970.31,905663.49,3,,0,495566.11
COV-1569,6.2,Retail,3368679.81,2217644.82,2,A,0,532766.02
COV-1570,7.5,Construcción,379882.19,99478.11,0,D,1,1110001.05
COV-1571,17.1,Servicios Profesionales,7853388.44,3175125.66,2,A,0,1225578.14
COV-1572,8.7,Construcción,685913.48,789516.29,2,D,1,244211.3
COV-1573,6.6,Construcción,14700908.15,7921994.18,1,A,0,238913.43
COV-1574,11.2,Retail,2349891.95,1753470.09,3,B,0,156342.01
COV-1575,2.4,Construcción,2645400.47,1242989.12,1,C,0,889856.66
COV-1576,8.3,Servicios Profesionales,1745001.71,317484.6,0,B,0,1883834.92
COV-1577,10.9,Servicios,2450888.39,1387076.24,3,B,0,322841.92
COV-1578,3.5,Tecnología,13504470.61,7385312.57,4,B,0,347517.2
COV-1579,13.1,Construcción,271628.7,141253.54,1,C,0,1917978.95
COV-1580,8.8,Retail,11721852.42,6764350.86,1,A,0,733481.65
COV-1581,6.0,Servicios Profesionales,4583729.29,2992504.42,3,B,0,684357.49
COV-1582,10.1,Tecnología,,557277.39,0,A,0,134468.26
COV-1583,23.0,Tech,1115359.81,387251.55,1,,0,872159.91
COV-1584,,Tecnología,17476943.0,12185570.58,5,A,0,174706.67
COV-1585,8.4,Retail,1269956.39,266850.41,0,B,0,142340.85
COV-1586,5.9,Manufactura,1031628.82,195935.72,2,B,0,312771.58
COV-1587,4.8,Manufactura,10194047.63,7623476.81,0,,0,246275.79
COV-1588,11.2,Construcción,4586156.54,3216748.79,1,A,0,354477.55
COV-1589,4.8,Manufactura,1279620.9,753083.68,4,B,0,104717.17
COV-1590,7.7,Retail,4059721.67,1302806.5,4,B,0,1154082.61
COV-1591,5.8,Construcción,1172029.38,537279.14,0,C,0,1366394.8
COV-1592,9.4,Retail,9828740.92,5380750.61,7,B,0,63111.45
COV-1593,8.7,Construcción,9448541.65,2653350.86,2,A,0,1176974.6
COV-1594,12.4,Tecnología,5564992.52,2516457.72,2,,0,196707.15
COV-1595,5.7,Construcción,4693368.26,3428346.26,1,A,0,1042336.66
COV-1596,6.5,Manufactura,19023547.75,16844611.0,3,C,1,413144.84
COV-1597,4.5,Retail,3267992.13,1686653.38,0,D,0,455329.02
COV-1598,5.9,Tech,1002618.74,753265.12,1,B,0,367655.76
COV-1599,8.9,Construcción,5124143.32,1112902.37,0,B,0,1486788.83
COV-1600,10.8,Tech,26325458.94,19267346.68,1,A,0,128080.21
COV-1601,4.7,Retail,1184984.8,520457.55,0,B,0,812474.93
COV-1602,11.4,T.I.,2277382.31,1506418.08,0,C,1,1330852.36
COV-1603,14.6,T.I.,4957668.06,2728945.99,0,A,0,905588.31
COV-1604,9.1,Tecnología,3097466.73,2676467.73,3,A,0,4523058.19
COV-1605,,T.I.,1224075.5,520370.25,1,B,0,260681.14
COV-1606,5.0,Construcción,10037692.91,7282559.6,2,C,1,1152339.55
COV-1607,4.0,Tecnología,33265810.71,18099877.95,1,B,0,397881.45
COV-1608,3.0,Retail,3977370.41,2260494.34,1,D,1,1518761.98
COV-1609,15.6,Servicios Profesionales,1323687.17,745539.29,1,A,0,439024.72
COV-1610,10.2,Retail,694563.92,299263.55,1,B,0,300175.99
COV-1611,7.2,Servicios Profesionales,4231114.46,2526737.81,1,C,0,1633233.26
COV-1612,8.5,Servicios Profesionales,9858822.95,5791766.22,5,A,0,270611.11
COV-1613,4.2,Retail,5257508.2,3408169.44,0,B,0,107718.24
COV-1614,25.1,Manufactura,3261168.61,2011818.27,1,A,0,263854.51
COV-1615,7.9,Retail,1813425.85,1377476.3,1,A,0,821619.73
COV-1616,7.8,Construcción,1096722.09,860599.71,2,A,0,1779848.4
COV-1617,10.6,Construcción,7532603.77,2936776.42,1,D,1,494414.43
COV-1618,9.4,Retail,8151981.8,6307632.6,1,B,0,1653156.53
COV-1619,8.3,Construcción,696811.5,252756.33,3,C,1,113757.59
COV-1620,5.0,Servicios,16027859.39,11501129.94,1,B,0,284001.99
COV-1621,9.4,Manufactura,5804077.36,4201848.79,0,,0,331513.86
COV-1622,18.9,Retail,13251146.64,2885259.9,1,B,0,394526.1
COV-1623,14.5,Servicios,854158.67,528379.01,1,D,0,481227.01
COV-1624,16.4,T.I.,834156.11,422333.89,3,,0,882850.32
COV-1625,5.7,Tech,2816570.84,1262519.28,1,C,0,283564.01
COV-1626,4.5,Retail,5404726.61,4703033.47,2,A,0,508402.48
COV-1627,6.9,Retail,19704563.62,9246645.73,2,B,0,422894.12
COV-1628,7.6,Servicios Profesionales,6623131.91,2905730.99,0,,0,175274.76
COV-1629,12.8,Manufactura,2564614.48,1577594.36,2,D,0,394878.46
COV-1630,,Retail,,863391.43,0,A,0,383210.79
COV-1631,15.9,Manufactura,11184065.19,6393597.71,0,A,0,375089.31
COV-1632,6.8,Construcción,1245807.63,1038099.24,1,B,0,456689.7
COV-1633,6.0,Construcción,16659123.04,11764591.6,2,A,0,477191.68
COV-1634,4.5,Servicios Profesionales,2459860.87,404297.16,3,A,0,287134.15
COV-1635,3.2,Construcción,16039774.03,7925358.33,2,C,0,1579651.38
COV-1636,11.2,Manufactura,6445748.28,3143150.42,1,B,0,137381.82
COV-1637,7.7,Servicios Profesionales,2850498.67,1983582.75,1,C,0,215136.91
COV-1638,3.9,Retail,1944671.5,145921.52,2,C,0,7131011.33
COV-1639,,Tecnología,2324678.07,2579932.24,0,A,0,156687.5
COV-1640,6.2,Construcción,5016869.5,3542939.42,2,B,0,114261.54
COV-1641,17.0,Tecnología,3531228.89,2223880.95,3,A,0,922162.51
COV-1642,6.5,Manufactura,1805212.0,1509723.24,2,D,0,55430.22
COV-1643,3.5,Tecnología,2770029.67,2960416.05,2,B,0,349663.34
COV-1644,6.5,Retail,3536248.68,2737584.54,0,B,0,3782232.21
COV-1645,6.4,Construcción,388973.27,307196.55,0,B,0,94378.08
COV-1646,1.9,Servicios,5168887.89,3236437.15,2,B,0,60963.8
COV-1647,7.2,Servicios Profesionales,1227240.58,701607.12,0,A,0,98796.63
COV-1648,6.6,Servicios,1031647.5,520817.86,5,,0,1086377.76
COV-1649,10.5,Tecnología,604801.54,262954.16,0,C,0,1362424.95
COV-1650,18.6,Retail,543675.32,251502.67,0,C,0,264980.42
COV-1651,13.0,Tecnología,842856.92,278049.06,2,B,0,876079.75
COV-1652,6.5,Retail,1608767.7,940848.71,2,B,1,1776677.01
COV-1653,4.2,Tech,23051908.85,6064184.62,0,C,0,2642791.79
COV-1654,,Construcción,1932104.39,1233036.76,1,,0,345816.9
COV-1655,7.6,Construcción,3904928.79,2314583.59,2,C,0,44290.62
COV-1656,7.4,Servicios,4879149.04,3070873.27,2,A,0,194681.68
COV-1657,7.3,Servicios,3726817.41,1846912.64,2,B,0,288715.14
COV-1658,8.2,Retail,,3676996.48,1,B,0,341485.74
COV-1659,6.9,T.I.,989253.84,862652.28,4,,1,366641.79
COV-1660,5.5,Manufactura,13949127.9,4897420.24,4,C,1,1354434.52
COV-1661,5.6,Servicios Profesionales,19919239.74,12879254.9,0,A,0,1582360.74
COV-1662,7.3,Manufactura,607642.08,290695.22,1,B,0,372624.45
COV-1663,5.6,Retail,1174051.81,466220.73,0,B,0,1327071.08
COV-1664,5.2,Tecnología,2471138.81,820382.47,1,C,1,632642.88
COV-1665,7.8,Retail,1246016.48,855319.71,2,A,0,471892.26
COV-1666,6.5,Tech,5421947.11,2514286.75,3,C,0,1095305.81
COV-1667,15.7,Manufactura,1578093.13,1252319.8,0,,0,475561.77
COV-1668,2.0,Retail,28489782.38,22756397.23,1,A,0,3463572.67
COV-1669,12.8,Servicios,10751422.12,9405159.97,4,C,0,104986.69
COV-1670,,Retail,4043309.23,1736692.88,2,A,0,264297.09
COV-1671,2.6,Manufactura,9129178.44,6345446.56,2,B,0,389835.88
COV-1672,6.2,Tech,,7176849.27,4,A,1,686562.6
COV-1673,6.1,Retail,1859935.77,939573.27,1,B,0,1572159.15
COV-1674,3.7,Construcción,1445235.37,644062.8,2,B,0,431749.76
COV-1675,5.0,Retail,3534714.4,3258667.81,2,B,0,106699.35
COV-1676,4.2,Retail,7737863.12,4994784.26,3,B,0,1027371.23
COV-1677,17.7,Tech,3756733.54,2731872.4,0,B,0,941245.02
COV-1678,11.8,Manufactura,675361.59,294177.24,1,A,0,63458.49
COV-1679,14.0,Retail,1464721.32,521650.4,1,B,0,440733.59
COV-1680,10.6,Manufactura,3035926.28,1475794.26,2,D,0,90206.63
COV-1681,4.2,Manufactura,3030791.59,1743298.36,0,C,0,227600.89
COV-1682,5.7,Construcción,,9098449.82,2,A,0,179367.32
COV-1683,9.4,Manufactura,817504.8,488893.24,2,A,0,993773.61
COV-1684,4.0,T.I.,5419907.15,1421636.02,1,D,0,497241.04
COV-1686,6.6,Servicios Profesionales,31688035.72,23264793.35,2,B,0,1066684.68
COV-1687,6.1,Construcción,2181673.01,1572458.5,1,C,0,105471.3
COV-1688,10.5,Manufactura,5343703.19,2787407.29,2,B,0,615452.96
COV-1689,9.2,Construcción,5779110.62,2291111.87,1,B,0,196023.4
COV-1690,6.2,Retail,3974787.05,1568130.16,2,D,1,306914.02
COV-1691,13.2,Tecnología,2961347.02,1555732.85,0,B,0,732538.18
COV-1692,4.3,Servicios Profesionales,5055439.7,3684928.69,0,A,0,745230.91
COV-1693,10.1,Manufactura,259822.48,204129.31,0,A,0,1684482.7
COV-1694,9.9,Tecnología,6466008.1,3237489.22,0,A,0,407479.66
COV-1695,6.3,Tech,3708647.84,1369609.27,1,C,0,601060.49
COV-1696,,Retail,2616963.16,1710365.28,3,A,0,285575.77
COV-1697,4.0,Retail,25313849.01,11018941.43,1,A,0,530720.02
COV-1698,11.7,Tech,1664551.01,826199.02,2,D,1,686585.5
COV-1699,,Tecnología,2184557.85,1889763.17,0,A,0,400989.35
COV-1700,5.7,Construcción,23951782.43,18333247.22,1,A,0,72856.68
COV-1701,12.5,T.I.,1422517.43,898454.7,2,A,0,616288.76
COV-1702,5.2,Construcción,1885841.54,651777.39,0,A,0,637023.28
COV-1703,3.7,Tech,2822051.26,1812545.15,2,B,0,224095.26
COV-1704,3.4,Manufactura,7577807.61,6157207.07,2,D,1,122468.97
COV-1705,10.0,Retail,4024062.44,2112122.8,0,C,0,1935505.62
COV-1706,3.9,T.I.,897505.61,781029.86,1,B,0,723203.2
COV-1707,17.8,Tecnología,1919991.73,1648407.09,2,B,0,351835.48
COV-1708,2.6,Retail,1780928.77,1661155.2,3,B,0,141912.67
COV-1709,,Manufactura,3026081.04,2000386.71,2,A,0,194499.56
COV-1710,8.2,Construcción,5004477.95,3590604.53,1,,0,1627556.55
COV-1711,7.0,Servicios,4966399.83,4384523.8,0,D,0,507708.09
COV-1712,5.6,Servicios Profesionales,553484.07,381615.53,0,A,0,255100.52
COV-1713,9.0,Servicios Profesionales,9472855.85,4734089.82,2,A,0,736518.2
COV-1714,7.3,Retail,4208297.99,2147458.41,1,B,0,195947.45
COV-1715,12.8,Manufactura,13053045.65,8454601.13,1,B,0,1984431.49
COV-1716,7.8,Manufactura,5097181.65,1742663.79,1,A,0,1711362.74
COV-1717,8.0,Retail,9833671.85,5618450.88,1,A,0,277458.3
COV-1718,6.2,T.I.,5212370.56,4270544.32,1,B,0,235939.28
COV-1719,7.2,Servicios Profesionales,12562487.59,2031972.69,0,B,0,32269.15
COV-1720,8.6,Construcción,5510966.84,4997876.1,3,A,0,100550.89
COV-1721,3.1,Construcción,2964102.22,2443827.71,2,B,0,115905.47
COV-1722,3.8,Retail,31719263.02,16114878.86,2,B,0,506454.79
COV-1723,10.7,Tecnología,7952819.85,5635989.78,1,C,0,319261.66
COV-1724,8.0,Servicios Profesionales,5802180.89,3484961.27,0,B,0,115227.59
COV-1725,6.7,Construcción,912273.93,771781.99,2,A,0,333979.86
COV-1726,7.5,Retail,901389.18,717989.5,2,B,0,733319.78
COV-1727,8.8,Tecnología,4380684.21,1401756.98,2,,0,750008.15
COV-1728,5.6,Tecnología,3781083.62,2712747.83,3,A,0,66192.98
COV-1729,5.0,Manufactura,1768915.91,988601.87,3,B,0,389156.37
COV-1730,8.1,Retail,3763962.06,2320732.97,1,A,0,110930.51
COV-1731,4.5,Tecnología,16008444.59,7273686.85,0,A,0,1090044.08
COV-1732,9.1,Tech,6552796.58,6222715.27,0,B,0,969122.61
COV-1733,3.2,Manufactura,1044440.08,843920.5,4,A,0,180227.06
COV-1734,12.4,Tecnología,2924082.09,1321818.93,2,,0,205654.9
COV-1735,9.4,Manufactura,1461587.19,486822.36,2,B,0,278934.69
COV-1736,8.4,Tech,2218407.34,1159928.6,2,B,0,46499.95
COV-1737,12.1,Retail,2161654.23,1484841.43,1,B,0,619066.62
COV-1738,17.0,Construcción,2027581.82,1313956.49,0,,0,336769.99
COV-1739,12.3,Manufactura,931791.75,792606.82,4,A,0,1167266.31
COV-1740,2.9,Manufactura,2877249.38,2180908.83,3,C,1,147501.08
COV-1741,3.9,Retail,1866158.06,1481568.65,4,D,1,238202.65
COV-1742,5.4,Retail,174652.11,116208.46,2,A,0,98073.72
COV-1743,7.5,Servicios,25468985.74,8204585.53,2,,0,162057.98
COV-1744,9.6,Manufactura,9710998.37,5446513.4,1,A,0,135675.05
COV-1745,5.1,Construcción,2243840.07,1822038.41,2,B,0,1197771.95
COV-1746,8.1,Retail,3331119.69,1964346.01,1,B,0,220078.19
COV-1747,5.1,Manufactura,1012917.82,709668.53,4,C,1,500906.98
COV-1748,5.4,Manufactura,17818055.9,9554938.48,2,C,0,302318.57
COV-1749,3.7,Retail,21797126.23,8588887.97,4,B,1,124310.13
COV-1750,4.7,Retail,3823564.76,2199816.05,1,B,0,373883.52
COV-1751,3.8,Servicios Profesionales,9097685.92,6020934.87,1,B,0,805407.25
COV-1752,4.5,Servicios Profesionales,3895321.51,1826370.01,0,B,0,132222.4
COV-1753,12.5,Servicios Profesionales,858785.59,474786.27,0,B,0,993622.65
COV-1754,,Servicios,2165532.03,892431.67,0,B,0,189146.87
COV-1755,27.6,Servicios,3730034.22,3072984.9,3,B,0,272942.4
COV-1756,9.5,Retail,2074959.68,1122779.04,2,B,0,752144.04
COV-1757,8.1,Servicios Profesionales,2626983.33,2339462.92,2,B,0,227877.58
COV-1758,4.8,Construcción,2983478.45,2702284.32,2,C,0,459353.28
COV-1759,10.5,Servicios,3015033.51,1760148.85,0,B,0,322968.21
COV-1760,5.5,Tecnología,3444393.83,1371937.38,0,B,0,503514.61
COV-1761,7.9,Manufactura,1131884.99,206931.69,1,B,0,40915.36
COV-1762,26.6,T.I.,1595956.58,487712.5,1,B,0,70991.7
COV-1763,7.0,T.I.,904751.62,294255.12,2,A,0,819104.55
COV-1764,13.1,Servicios,8691147.61,7610785.17,1,A,0,1248160.48
COV-1765,5.2,Construcción,398058.02,248055.79,1,B,0,177995.46
COV-1766,7.3,Retail,10361321.49,7024156.44,0,B,0,346615.59
COV-1767,17.9,Retail,13076789.17,2038878.02,3,D,0,594050.29
COV-1768,5.4,T.I.,2416472.56,870912.94,2,B,0,884889.1
COV-1769,18.3,Construcción,242041.12,188166.63,3,B,1,58239.71
COV-1770,,Retail,2277728.97,1497276.12,2,A,0,182400.44
COV-1771,5.6,Manufactura,3065789.99,1749213.9,1,A,0,317242.14
COV-1772,10.1,Retail,,848379.81,1,C,0,893713.2
COV-1773,12.0,Manufactura,1952813.29,1810569.51,3,,0,5381245.89
COV-1774,10.1,T.I.,15099847.45,8392366.97,3,B,0,352214.02
COV-1775,3.4,Servicios,6356110.31,3901850.61,0,,0,108339.22
COV-1776,5.1,Manufactura,1296833.25,828053.17,2,B,0,661501.86
COV-1777,6.5,Manufactura,661589.68,713472.82,2,C,1,1657789.74
COV-1778,7.1,Retail,2357194.46,424598.48,0,,0,492876.6
COV-1779,10.1,Manufactura,2640669.97,1945235.28,2,A,0,178679.94
COV-1780,8.1,Tecnología,,3098270.83,3,C,0,1153133.92
COV-1781,3.8,Construcción,1913956.81,1365329.41,1,C,1,859018.4
COV-1782,8.9,Construcción,5452035.46,2554417.58,2,A,0,158564.88
COV-1783,10.0,Retail,22638307.24,13361287.26,3,A,0,647857.22
COV-1784,9.8,Construcción,7388985.64,5484711.9,2,A,0,1199320.34
COV-1785,12.7,T.I.,3115535.15,3808997.32,1,A,0,1442502.55
COV-1786,11.2,T.I.,2721923.97,2073037.0,1,D,0,413970.93
COV-1787,9.3,Servicios Profesionales,2288316.3,984861.31,2,B,0,309254.72
COV-1788,7.1,Manufactura,10645426.41,5485035.34,3,B,0,1509477.05
COV-1789,3.2,Manufactura,1745735.57,889133.11,1,C,0,131905.3
COV-1790,9.2,Retail,3420244.88,823839.05,2,B,1,685963.22
COV-1791,8.2,Retail,3440742.68,1837294.53,2,B,0,112417.33
COV-1792,8.5,Retail,1979224.79,1477621.57,2,D,0,1283853.0
COV-1793,3.9,Servicios Profesionales,828634.51,286006.16,3,,0,341790.92
COV-1794,4.3,Tech,4515265.3,3655994.65,2,C,1,1573138.51
COV-1795,,Servicios Profesionales,3075555.3,2145368.87,2,B,0,723179.51
COV-1796,7.2,Retail,5390994.69,2442947.23,1,C,0,130193.85
COV-1797,10.4,Construcción,1917244.76,1096077.46,0,A,0,1838807.34
COV-1798,,Construcción,11081873.34,10191603.97,0,B,0,2087014.78
COV-1799,7.5,T.I.,1360314.14,1015759.58,1,D,0,1069055.91
COV-1800,11.8,Construcción,18111185.41,10898527.73,5,A,0,206573.62
COV-1801,5.7,Servicios,569414.26,314580.5,3,C,0,325782.76
COV-1802,7.8,Construcción,5049349.92,3106975.15,4,B,0,511665.93
COV-1803,5.9,Retail,5258890.77,2617072.73,1,A,0,218882.34
COV-1804,5.9,Manufactura,1475404.77,264171.37,1,C,0,2403283.71
COV-1805,6.3,Retail,4997228.11,5039382.64,2,A,0,511103.03
COV-1806,8.3,Retail,11751819.88,7416162.21,0,B,0,29633.24
COV-1807,5.8,Retail,356176.32,242067.92,1,A,0,621167.35
COV-1808,13.8,Tecnología,5404512.48,3180114.86,1,D,0,312338.43
COV-1809,4.7,T.I.,270149.07,122371.22,1,A,0,410476.29
COV-1810,6.7,Servicios,1244613.0,700486.99,1,A,0,306012.32
COV-1811,5.9,Retail,16670752.0,4669828.51,2,A,0,991571.58
COV-1812,15.2,Construcción,1827058.7,1928309.36,3,D,0,1355509.26
COV-1813,8.2,Tecnología,1010665.96,356863.73,0,C,1,587160.31
COV-1814,12.4,Manufactura,2681970.31,1055641.6,1,C,1,315113.7
COV-1815,3.5,Tecnología,,13234987.21,2,B,0,424498.09
COV-1816,8.4,Manufactura,523513.32,448972.95,1,B,0,451170.06
COV-1817,11.5,Manufactura,1142455.09,688788.23,2,A,0,198306.67
COV-1818,7.7,Construcción,14613140.02,5155118.92,1,B,0,789321.23
COV-1819,12.6,Manufactura,20951113.3,17826625.0,3,A,0,700845.21
COV-1820,,Servicios Profesionales,2947797.31,2199646.72,3,D,1,2064587.98
COV-1821,14.9,Construcción,946898.61,670107.83,2,C,0,1552457.6
COV-1822,23.3,Tech,26584622.41,19756278.36,0,B,0,222865.8
COV-1823,6.2,Retail,16101812.35,17371800.61,1,A,0,1004799.3
COV-1824,5.9,Retail,6445849.46,6684468.23,3,C,1,170936.36
COV-1825,15.3,Retail,1450759.33,671203.86,1,A,0,887294.39
COV-1826,16.3,Tecnología,3112605.33,2878465.81,1,A,0,263915.91
COV-1827,5.7,Servicios Profesionales,2784669.96,1884201.37,1,A,0,159013.88
COV-1828,,Retail,4550971.59,3184857.13,2,B,0,585396.89
COV-1829,6.4,Construcción,13950158.64,3648605.87,2,C,1,30498.5
COV-1830,3.8,Servicios,7876679.9,4457593.11,3,B,0,76804.95
COV-1831,,Retail,1113060.43,486891.9,1,A,0,370462.73
COV-1832,4.5,Servicios,12948576.92,9913582.8,2,B,0,480432.38
COV-1833,,Tecnología,4471042.41,3640394.71,1,C,0,305798.37
COV-1834,7.3,Retail,6498395.09,1202870.67,2,A,0,91177.52
COV-1835,8.3,Manufactura,14168629.08,8438736.69,2,A,0,195264.08
COV-1836,16.0,Construcción,1075632.86,886721.94,2,D,0,654226.78
COV-1837,4.5,Servicios Profesionales,3153975.95,1774629.38,0,D,0,791576.47
COV-1838,12.1,Servicios,1921363.12,1432977.07,1,D,1,435293.97
COV-1839,6.6,Servicios Profesionales,681560.69,456804.53,0,C,1,1406807.88
COV-1840,7.2,Retail,4623719.28,3090179.77,1,A,0,658287.49
COV-1842,4.2,Servicios Profesionales,519136.56,185167.62,2,B,0,334201.02
COV-1843,8.9,Retail,3165176.53,1189137.74,1,B,0,108785.56
COV-1844,8.0,Retail,6202995.85,4601819.65,2,D,1,397067.28
COV-1845,9.5,Construcción,3697169.93,2232690.05,2,C,0,1345263.71
COV-1846,8.5,Construcción,2919351.17,1670737.53,2,C,0,877901.86
COV-1847,25.2,T.I.,891609.59,459376.87,0,A,0,1797683.28
COV-1848,5.4,Construcción,4125867.02,2223686.49,1,,1,326803.63
COV-1849,5.7,Retail,1533764.95,1241402.29,1,C,0,1699933.68
COV-1850,5.4,Construcción,365886.44,194999.61,1,A,0,364650.91
COV-1851,5.6,Retail,10794984.87,3581636.26,1,C,0,1927212.24
COV-1852,5.4,Construcción,8523910.9,6382110.84,0,A,0,432848.58
COV-1853,13.4,Construcción,3442336.37,1924350.94,0,A,0,897377.03
COV-1854,15.0,Tech,4110579.97,2492159.03,1,B,0,1934022.07
COV-1855,5.6,Construcción,9571667.71,8820441.7,1,B,0,364605.92
COV-1856,4.9,Servicios,4091162.25,2437874.03,0,A,0,550393.63
COV-1857,9.4,Manufactura,8072853.37,5310619.5,3,B,0,1605367.76
COV-1858,5.6,Servicios Profesionales,2427852.79,884261.14,2,D,0,387316.26
COV-1859,10.1,Servicios,12139604.18,6750422.47,2,B,0,118078.83
COV-1860,8.2,Retail,4505393.2,3252466.82,1,,0,3771589.37
COV-1861,3.5,Tecnología,3969108.01,1146775.54,0,A,0,276574.51
COV-1862,16.0,Construcción,917987.37,587667.07,2,A,0,518531.5
COV-1863,18.1,Retail,4355525.62,2701114.99,0,A,0,1405644.77
COV-1864,5.4,T.I.,1422668.77,865348.94,1,A,0,240748.02
COV-1865,6.1,Construcción,1726690.75,1394184.99,1,A,0,161479.28
COV-1866,8.5,Construcción,1446452.22,964621.2,2,A,0,570197.06
COV-1867,8.7,Construcción,1125530.53,1008041.33,1,B,0,73638.52
COV-1868,10.3,Servicios,27364891.1,10981040.88,0,B,0,331735.73
COV-1869,20.2,Construcción,12376858.81,7762579.12,2,C,0,565258.63
COV-1870,6.8,T.I.,,13760440.34,0,A,0,337745.56
COV-1871,5.0,Retail,962322.57,371600.0,2,B,0,94518.33
COV-1872,3.7,Servicios Profesionales,3510446.34,2777672.26,2,A,0,2178567.17
COV-1873,5.1,Tech,896714.11,954941.94,0,B,0,490675.43
COV-1874,7.3,Retail,1630349.75,972664.68,2,A,0,1850843.65
COV-1875,18.1,Tecnología,1305208.06,914956.35,1,D,0,341111.18
COV-1876,5.7,Tecnología,11291762.17,6965929.81,1,C,0,183503.32
COV-1877,8.3,Retail,2199565.33,1005823.98,0,B,0,579071.32
COV-1878,7.3,Servicios,,2244091.56,4,A,0,356543.98
COV-1879,13.4,T.I.,5981134.89,2744415.65,2,B,0,136248.89
COV-1880,26.1,Servicios Profesionales,32724636.18,10524515.39,3,C,0,1923744.8
COV-1881,5.7,Retail,744565.26,700502.2,2,A,0,237454.14
COV-1882,5.8,Retail,11515830.82,6644381.74,3,B,0,70244.24
COV-1883,12.5,Manufactura,10287507.68,5460775.06,2,C,0,1669719.25
COV-1884,10.4,Construcción,1235048.95,960659.07,0,C,0,267186.44
COV-1885,18.6,Retail,8949724.76,3361962.13,2,C,0,240909.38
COV-1886,9.9,Tecnología,4575126.76,2043376.02,1,C,0,75705.98
COV-1887,6.2,Retail,2603907.45,1597795.25,1,D,1,2522955.24
COV-1888,9.9,Manufactura,,1155550.56,3,B,0,121846.75
COV-1889,12.9,Construcción,1592619.25,1115370.2,0,B,0,469042.88
COV-1890,11.1,Tech,25388632.58,16494106.71,3,C,0,1101981.33
COV-1891,9.5,Retail,3271250.28,2013858.7,2,B,0,674493.24
COV-1892,12.6,Servicios Profesionales,7146476.54,4859941.15,1,D,0,416793.3
COV-1893,13.3,Retail,1482292.77,949157.39,2,A,0,80687.11
COV-1894,14.7,Servicios Profesionales,1498757.6,590518.81,2,B,0,196865.33
COV-1895,10.2,Tecnología,9645333.77,5876090.16,2,,0,533812.72
COV-1896,6.8,Retail,847820.14,326633.11,0,A,0,201355.23
COV-1897,,Manufactura,2158202.45,1329919.98,1,A,0,542183.32
COV-1898,13.5,Manufactura,3382167.76,1704174.26,0,,0,874793.74
COV-1899,4.9,Construcción,3654144.65,4048340.34,1,A,0,1158345.08
COV-1900,8.9,Construcción,2732989.75,1617987.66,3,C,0,129809.16
COV-1901,6.1,Retail,4856457.31,1549948.48,1,B,0,3979417.68
COV-1902,7.5,T.I.,6536129.68,3746273.96,3,A,0,953104.04
COV-1903,14.0,Manufactura,6815006.29,4796890.4,0,A,0,441655.68
COV-1904,8.1,Manufactura,1219798.44,1140112.41,1,B,0,1315249.03
COV-1905,7.6,T.I.,2460425.6,1186194.61,1,C,0,4710985.93
COV-1906,3.7,Construcción,10796827.1,3061056.01,4,C,1,104954.26
COV-1907,,Construcción,7997561.08,6105077.43,4,C,1,353181.5
COV-1908,,Servicios,828308.17,268272.66,1,,1,41009.88
COV-1909,21.8,Manufactura,4645826.74,2382235.52,1,B,0,536408.64
COV-1910,6.3,T.I.,452152.48,247994.74,3,D,1,637553.99
COV-1911,8.2,Manufactura,3426106.02,2007949.29,1,C,0,425422.42
COV-1912,8.4,Servicios,21807554.77,16090331.19,1,C,0,229915.34
COV-1913,16.3,Manufactura,1266930.09,586934.69,2,A,0,56981.7
COV-1914,7.0,Tecnología,1419303.7,773881.23,1,D,0,642764.5
COV-1915,8.5,Retail,7018287.37,4190941.73,2,,0,1896336.61
COV-1916,10.0,Retail,698854.95,440222.42,0,C,0,244992.17
COV-1917,8.1,Construcción,1736261.8,1075727.8,1,A,0,686979.64
COV-1918,5.9,Retail,5935377.19,4078798.06,1,B,0,92212.93
COV-1919,8.1,Servicios,1733605.93,1332740.59,0,A,0,698865.14
COV-1920,12.6,Retail,2581884.23,1751877.7,1,A,0,298527.61
COV-1921,4.4,Retail,6880388.73,4752402.18,1,A,0,206402.22
COV-1922,7.9,Retail,4983016.97,1412961.2,0,C,0,206826.67
COV-1923,5.2,Retail,4268693.63,2604097.51,3,A,0,298459.17
COV-1924,13.4,Construcción,2328832.72,1620638.21,2,B,0,648510.4
COV-1925,3.5,Manufactura,4732958.85,3529785.05,2,A,0,119114.06
COV-1926,5.6,Construcción,2888556.11,1333154.85,2,B,0,297415.27
COV-1927,8.9,Servicios,5167014.48,2419155.59,1,A,0,424440.97
COV-1928,16.2,Servicios Profesionales,1988851.66,964950.78,2,A,0,147408.18
COV-1929,7.2,Servicios,2723507.22,1926289.76,2,B,0,2667534.52
COV-1930,5.6,Servicios,1214741.93,980024.89,3,,0,188434.27
COV-1931,18.9,T.I.,3156556.86,1636699.92,1,A,0,226514.24
COV-1932,3.6,Manufactura,1452793.97,1135492.82,3,A,0,166323.85
COV-1933,2.5,Manufactura,1072983.4,670288.4,1,A,0,2672380.18
COV-1934,9.2,Construcción,4234014.47,2435163.13,2,D,1,769045.36
COV-1935,5.7,Construcción,4043979.44,2255420.97,1,B,0,173408.96
COV-1936,4.4,Construcción,7151793.59,5358998.23,0,B,0,1337391.4
COV-1937,10.5,Servicios Profesionales,2124133.33,1412794.14,2,A,0,540742.62
COV-1938,8.3,T.I.,4916231.54,5187435.87,2,,0,572205.47
COV-1939,5.6,Servicios Profesionales,5670555.1,2435815.7,0,A,0,313490.02
COV-1940,3.9,Servicios Profesionales,5100115.82,3588545.23,3,A,0,209103.37
COV-1941,11.4,Retail,1431661.65,707469.63,0,B,0,620180.66
COV-1942,10.2,Servicios,3795639.56,1617483.72,0,B,0,256507.39
COV-1943,7.0,Retail,4705018.66,2812785.18,2,A,0,2721668.39
COV-1944,18.6,Manufactura,3292568.33,2065989.48,4,B,0,124331.78
COV-1945,4.3,Construcción,405762.11,480274.12,1,,0,2055761.25
COV-1946,,Retail,3838106.19,2161509.47,3,B,0,395806.66
COV-1947,5.2,Retail,29874954.33,11172165.01,3,B,0,596649.87
COV-1948,7.2,Retail,2280626.47,1492902.98,2,D,1,1017803.84
COV-1949,8.3,Construcción,1578401.06,292117.83,1,C,0,235567.01
COV-1950,6.5,Servicios,4748543.8,2761794.12,3,B,1,1049945.05
COV-1951,8.8,Servicios Profesionales,4467672.83,2694922.84,4,C,0,29509.16
COV-1952,4.0,Construcción,10774956.59,8177330.88,2,A,0,215347.97
COV-1953,15.2,Construcción,929248.84,738496.77,2,B,0,175595.3
COV-1954,7.1,Manufactura,6792843.93,3391572.39,3,A,0,126309.94
COV-1955,12.9,Tecnología,5899759.0,3362138.12,0,A,0,356840.85
COV-1956,8.8,T.I.,2835853.37,1266990.75,1,B,0,650664.85
COV-1957,9.3,Tecnología,4586773.15,1717230.48,1,A,0,893284.14
COV-1958,9.8,Retail,9151766.53,6058276.85,1,B,0,562910.97
COV-1959,9.2,Construcción,7820940.55,2700436.96,2,B,0,227363.77
COV-1960,10.2,Servicios,1042342.03,538968.61,4,B,0,639867.52
COV-1961,14.4,Manufactura,7423477.62,2976556.25,2,A,0,500962.08
COV-1962,8.2,Servicios Profesionales,3064243.86,2175418.98,2,A,0,1128112.19
COV-1963,10.5,Retail,3516139.1,3376499.22,0,B,0,962160.64
COV-1964,7.1,Retail,3517274.62,1194756.3,4,D,1,456104.13
COV-1965,15.2,T.I.,2812985.72,645288.53,2,A,0,180366.65
COV-1966,5.3,Retail,10763889.2,6189479.8,1,A,0,230279.68
COV-1967,18.2,Servicios Profesionales,3006484.58,1813329.78,0,C,0,255304.09
COV-1968,7.2,Servicios,1067098.53,686925.32,2,A,0,322782.39
COV-1969,3.6,Retail,2205511.79,1126434.04,4,C,1,578417.05
COV-1970,7.9,Construcción,3908619.17,2188326.98,0,B,0,904533.29
COV-1971,5.3,Retail,11175280.34,7526574.58,0,B,0,420366.11
COV-1972,11.2,Manufactura,5975000.17,4828315.05,2,B,0,449605.04
COV-1973,5.3,Manufactura,1396479.13,291850.52,0,A,0,510581.88
COV-1975,2.9,Retail,4259981.23,2738153.03,2,C,1,175362.01
COV-1976,5.9,Tech,11703409.15,4873355.5,1,C,0,76462.99
COV-1977,,Construcción,2808849.61,2657828.8,1,B,0,220764.24
COV-1978,3.3,Retail,5572527.31,2635348.6,0,C,0,710088.9
COV-1979,10.8,Tecnología,7568220.34,4478429.77,0,,0,219057.29
COV-1980,,Tech,11052804.03,7860803.07,0,B,0,348778.72
COV-1981,9.1,Construcción,9410797.94,4533586.43,0,B,0,705337.22
COV-1982,4.6,Servicios Profesionales,7820014.76,1803963.16,2,C,0,744664.82
COV-1983,7.2,Manufactura,2385485.6,1226781.52,5,B,0,150311.81
COV-1984,7.4,Manufactura,1845487.37,1487256.33,2,B,1,1199073.05
COV-1985,4.1,Tech,4558971.06,2428203.61,1,C,0,1365935.49
COV-1986,15.7,Construcción,8311312.3,3579791.42,4,B,0,142935.7
COV-1987,11.5,Retail,2616319.98,2054162.93,0,,0,194106.67
COV-1988,6.6,Manufactura,9484523.91,5063265.86,1,B,0,1455835.74
COV-1989,7.5,Construcción,13972710.64,6957960.5,0,B,0,381988.77
COV-1990,8.2,Construcción,1307567.48,823625.27,2,B,0,48060.8
COV-1991,2.7,Construcción,1415621.61,1067591.1,0,D,1,109132.55
COV-1992,6.5,T.I.,2840881.48,3057762.06,0,B,0,344769.16
COV-1993,5.3,Manufactura,4446432.59,3403509.47,4,B,0,138269.14
COV-1994,4.5,Servicios,1934642.26,1609560.44,3,B,0,292604.23
COV-1995,6.4,Tecnología,12637797.45,6303818.8,2,A,0,456980.6
COV-1996,18.2,Retail,4995593.9,1972392.25,3,A,0,1909314.06
COV-1997,10.2,Servicios,3400547.64,2082720.73,1,D,0,330891.59
COV-1998,5.6,Tech,777695.61,483286.48,1,B,0,1293085.52
COV-1999,9.8,Retail,876931.52,337002.55,0,A,0,1846421.8
COV-2000,14.9,T.I.,4329701.89,2446026.52,0,A,0,1856697.02
COV-2001,,Servicios,,263429.53,1,B,0,588160.17
COV-2002,7.6,Construcción,8999120.51,6048117.02,1,C,0,62113.02
COV-2003,5.3,Retail,2790820.39,1955967.6,0,C,0,701393.86
COV-2005,9.0,Tecnología,32864915.57,16386389.99,2,D,0,407963.46
COV-2006,11.6,Manufactura,2726559.0,1355699.32,0,B,0,2532161.57
COV-2007,10.2,Tech,2939244.1,1058744.3,2,B,0,1045319.94
COV-2008,12.5,T.I.,8846933.98,8466117.78,1,B,0,780955.44
COV-2009,5.7,Retail,17951291.32,10819065.07,2,A,0,1311104.82
COV-2010,14.3,Servicios,635375.18,352651.9,1,D,0,617460.17
COV-2011,8.2,Servicios,547777.54,226912.24,2,A,0,36577.53
COV-2012,20.9,Manufactura,1754975.04,2083386.29,0,A,0,268568.44
COV-2013,5.2,Construcción,5854596.18,2255977.27,1,C,1,1464710.29
COV-2014,17.6,Construcción,5372874.39,2762895.43,1,B,0,197285.79
COV-2015,8.2,Tecnología,9528248.35,6509388.34,4,,1,353814.31
COV-2016,5.3,Tech,984906.97,709174.97,1,B,0,155618.64
COV-2017,5.8,Servicios Profesionales,322499.27,255286.04,2,B,0,2633758.83
COV-2018,6.3,Construcción,7709887.82,7413224.46,1,D,1,2377339.25
COV-2019,9.1,Tecnología,1428026.14,1001376.96,1,A,0,182796.92
COV-2020,9.6,Tech,434309.26,168856.76,1,C,0,512624.05
COV-2021,5.5,Construcción,3779354.35,2073395.27,3,A,0,224023.44
COV-2022,7.3,Manufactura,7225851.85,4780381.33,1,C,0,818267.55
COV-2023,21.6,Construcción,2893400.08,2932881.13,1,A,0,736513.67
COV-2024,17.5,Retail,2068122.22,662706.82,0,B,0,996202.24
COV-2025,9.2,Manufactura,2787450.03,2342894.4,1,C,1,616564.64
COV-2026,7.5,Manufactura,2256707.02,1435227.02,1,B,0,8330268.17
COV-2027,7.8,Construcción,849117.53,651753.84,2,C,0,158272.93
COV-2028,10.0,Construcción,1599688.25,927181.0,2,C,0,79969.18
COV-2029,4.4,Tech,5505619.77,2375749.11,1,C,0,298614.82
COV-2030,6.5,Tech,4509417.48,3382850.26,3,D,0,92227.33
COV-2031,3.2,Servicios,3867271.61,2826535.47,0,B,0,99462.68
COV-2032,9.0,Construcción,1208452.92,960008.77,0,A,0,162540.97
COV-2033,10.2,Servicios Profesionales,2726411.51,1628592.12,1,A,0,175924.66
COV-2034,5.8,Manufactura,370620.89,177911.22,3,A,0,170311.08
COV-2035,16.2,Retail,3907766.98,1126384.92,1,A,0,742827.37
COV-2036,4.0,T.I.,13644645.18,10422798.61,4,B,0,266681.66
COV-2037,3.6,Tech,748530.98,512577.47,0,A,0,369714.15
COV-2038,8.3,Manufactura,1819500.06,740251.72,1,A,0,1081903.75
COV-2039,12.5,Retail,4543039.22,2236471.27,2,A,0,205597.87
COV-2040,17.1,Construcción,11442472.34,5797308.44,0,C,1,339576.35
COV-2041,5.9,Retail,2088121.43,633542.54,0,B,0,637787.21
COV-2042,12.7,Tech,1635975.26,714043.52,0,,0,63476.95
COV-2043,7.2,Construcción,456378.08,170335.78,0,C,0,40745.25
COV-2044,6.8,Servicios Profesionales,3625265.66,1876090.2,0,A,0,625381.62
COV-2045,11.5,Retail,25192982.47,11393790.86,1,D,1,723614.65
COV-2046,,Tech,4313923.88,1184599.25,2,,0,3485841.84
COV-2047,3.4,Construcción,3196992.3,3211436.46,3,A,0,518188.77
COV-2048,15.5,Servicios,4511238.61,3836845.19,3,B,0,1004238.11
COV-2049,14.7,Construcción,3232957.78,1436067.29,3,C,1,363861.05
COV-2050,5.4,Retail,1449871.7,948918.23,2,B,0,595542.02
COV-2051,9.0,Servicios,7446687.91,5089759.19,1,C,0,2343736.11
COV-2052,9.5,Tech,4096983.48,3434161.9,2,A,0,52891.99
COV-2053,8.4,Construcción,3327105.46,1451546.23,1,A,0,669051.46
COV-2054,5.6,Retail,1232597.11,1008783.8,1,A,0,3743706.53
COV-2055,5.3,Construcción,12037146.06,5903244.4,1,A,0,586562.33
COV-2056,7.3,Servicios,6354684.05,2115013.73,2,A,0,2304957.89
COV-2057,13.3,Manufactura,1880558.12,1400691.05,1,D,1,235811.46
COV-2058,9.7,Retail,8902341.18,7639559.08,0,A,0,428459.93
COV-2059,6.1,Construcción,1987581.56,2221284.97,0,,0,457496.59
COV-2060,10.9,Retail,1495537.91,538475.82,2,B,0,48166.01
COV-2061,1.8,Manufactura,1529263.62,1131324.66,0,,0,137560.92
COV-2062,13.1,Manufactura,556226.82,288147.6,1,D,0,147727.54
COV-2063,3.1,Construcción,5238482.32,3963811.54,1,C,1,1006577.05
COV-2064,6.2,Tecnología,523794.72,160229.9,2,D,0,1058277.46
COV-2065,4.2,T.I.,956997.61,332505.03,3,C,0,611723.98
COV-2066,,Manufactura,410204.87,182469.4,1,D,0,1008629.36
COV-2067,13.2,Tecnología,2999422.44,1847022.77,1,C,0,375438.74
COV-2068,5.8,Servicios,2812767.8,1327018.13,0,A,0,1471704.29
COV-2069,8.8,Construcción,2357951.49,1725574.53,4,B,0,446318.65
COV-2070,7.2,Construcción,1152474.94,928179.03,0,,0,468768.37
COV-2071,9.4,Retail,1012331.1,728792.86,2,B,0,339221.09
COV-2072,7.7,Tecnología,,4804503.22,0,A,0,877165.07
COV-2073,,Retail,1885018.26,1287779.11,0,B,0,290338.04
COV-2074,12.2,Servicios,4485490.09,1599618.43,4,D,0,1174591.96
COV-2075,5.8,Manufactura,1348834.32,1177094.4,4,A,0,142607.43
COV-2076,3.4,Manufactura,3917885.85,1876544.9,4,C,0,147426.31
COV-2077,6.0,Manufactura,12034379.11,9411891.74,1,C,0,879779.65
COV-2078,15.6,Tecnología,5874701.45,5373864.61,3,D,0,404924.45
COV-2079,11.3,Manufactura,2164253.77,1496230.01,3,D,1,280999.62
COV-2080,6.2,Tech,4227828.11,1271596.41,0,C,0,1077396.17
COV-2081,6.2,Servicios Profesionales,2569790.22,1069951.6,0,B,0,241044.92
COV-2082,6.3,Retail,3294879.6,2848584.51,3,A,0,362144.56
COV-2083,20.9,T.I.,2360511.63,1336463.76,1,B,0,1792690.19
COV-2084,8.9,Manufactura,2773622.52,1708314.9,4,C,0,2061908.04
COV-2085,,Servicios Profesionales,4041366.17,3038157.17,2,C,0,2131631.51
COV-2086,12.4,Tecnología,1210617.72,894966.79,0,,0,333658.81
COV-2087,8.3,Manufactura,1183659.15,776196.28,0,A,0,1514662.05
COV-2088,6.5,Retail,815419.06,455221.0,1,B,0,171278.67
COV-2089,6.7,Manufactura,659824.32,354633.34,1,B,0,178634.5
COV-2090,7.1,Construcción,967738.62,746687.54,1,A,0,42173.37
COV-2091,7.3,Tecnología,3834166.03,2724995.12,1,A,0,2356924.62
COV-2092,10.6,Tecnología,1338703.93,734332.65,0,A,0,186468.98
COV-2093,7.6,Tecnología,5463578.11,4460587.9,1,C,0,389830.54
COV-2094,10.7,Retail,3384489.87,1943350.99,1,A,0,178024.36
COV-2095,7.1,Servicios Profesionales,456569.31,196173.02,2,A,0,886614.23
COV-2096,7.7,T.I.,6293170.68,2820635.98,0,D,1,303873.37
COV-2097,2.7,Retail,7354321.41,2972997.91,3,B,1,119992.33
COV-2098,11.7,Manufactura,1210007.75,660081.0,3,A,0,688081.5
COV-2099,8.8,Manufactura,4976271.84,4213632.58,0,,0,105479.3
COV-2100,12.2,Servicios Profesionales,1388176.76,609383.17,2,A,0,191490.65
COV-2101,,Construcción,3604416.21,2298518.74,5,A,0,53804.42
COV-2102,21.0,Retail,923108.07,432625.8,2,A,0,106515.08
COV-2103,6.9,Servicios,544102.84,298134.73,0,B,0,528886.52
COV-2104,12.9,Retail,2229265.71,664302.81,3,A,0,62035.62
COV-2105,4.4,Construcción,2888566.9,1605732.25,0,B,0,100594.64
COV-2106,10.0,Retail,2196378.24,1232736.89,1,C,0,441366.59
COV-2107,4.4,Servicios Profesionales,1000458.99,708382.58,2,B,0,256887.39
COV-2108,5.4,Tech,2191509.07,1412769.87,0,D,0,3243088.38
COV-2109,19.2,Tech,4279277.53,1541916.02,1,B,0,2768722.4
COV-2110,6.7,Servicios Profesionales,3125506.69,2553037.79,2,B,0,185735.25
COV-2111,8.2,Manufactura,3923524.95,2519140.82,1,C,1,772307.15
COV-2112,11.4,Manufactura,1672591.54,1069921.19,0,A,0,935917.45
COV-2113,9.5,Manufactura,10550859.83,6311139.55,1,A,0,243414.53
COV-2114,8.0,Retail,1008350.78,500594.24,3,B,0,99156.87
COV-2115,,Servicios Profesionales,5323067.52,3425715.82,3,B,0,437005.71
COV-2116,24.6,Manufactura,10658743.43,7409081.08,0,C,0,372187.98
COV-2117,7.2,Manufactura,5287774.91,1325226.7,5,,0,286139.72
COV-2118,8.2,Tecnología,2669697.62,1314152.87,4,B,0,688531.86
COV-2119,12.5,Construcción,1927439.42,1058184.68,2,,0,208828.87
COV-2120,12.8,Tecnología,9212645.89,5999589.35,0,B,0,139804.8
COV-2121,13.4,Retail,787820.12,660714.96,1,D,0,493403.69
COV-2122,10.2,Retail,1239075.06,552196.08,0,C,0,650808.09
COV-2123,4.2,Construcción,2196646.05,1099218.45,1,D,0,136401.1
COV-2124,16.7,Manufactura,11269987.28,5606741.79,1,A,0,1119161.85
COV-2125,4.2,Retail,4779123.1,2101354.06,3,C,1,75321.35
COV-2126,8.6,Servicios,1241653.16,658774.85,1,A,0,248174.29
COV-2127,5.1,Tecnología,2396913.19,1807657.12,0,A,0,341803.56
COV-2128,7.2,Tecnología,1768561.14,688382.18,1,D,1,234163.83
COV-2129,8.7,Manufactura,1607532.59,1102064.67,2,A,0,251434.93
COV-2130,8.7,Retail,8700487.0,2258816.55,0,D,0,2873595.19
COV-2131,9.1,Construcción,829233.34,404443.97,2,A,0,188926.99
COV-2132,16.6,Manufactura,16334350.74,8724211.69,0,C,0,5082031.91
COV-2133,9.3,Tecnología,7483638.71,6996992.16,1,A,0,684967.57
COV-2134,6.5,Tech,9731335.21,5303962.46,1,B,0,485073.22
COV-2135,12.0,Tecnología,2057619.91,328707.47,3,A,0,712289.96
COV-2136,13.4,Manufactura,2813836.13,563392.51,1,,0,5553437.98
COV-2137,4.0,Manufactura,779843.23,473213.49,1,B,0,163800.91
COV-2138,10.0,Servicios,1934457.71,1398137.38,2,B,0,144290.24
COV-2139,10.5,Construcción,5355608.29,3615523.87,4,A,0,207966.82
COV-2140,6.4,Construcción,11947863.83,7569139.26,2,A,0,456864.97
COV-2141,,Retail,1080401.39,899382.21,1,A,0,78765.38
COV-2142,6.9,Retail,2268193.06,1116136.42,1,B,0,452407.79
COV-2143,7.9,Construcción,2810016.13,2188952.3,0,C,0,2406170.73
COV-2144,6.8,Tech,809531.37,221485.37,2,C,0,514734.95
COV-2145,7.4,Construcción,5905231.68,2474353.69,2,A,0,330154.02
COV-2146,4.3,Retail,1584864.81,378135.62,2,B,0,238432.03
COV-2147,3.6,Servicios,2688811.01,1465485.19,1,C,0,1086543.05
COV-2148,16.4,Tech,2080358.16,1228966.92,2,A,0,193719.64
COV-2149,4.8,Tecnología,1484608.26,924644.16,2,B,0,2803546.89
COV-2150,4.5,Servicios Profesionales,3246068.13,1987816.39,2,B,0,3058269.37
COV-2151,2.5,Retail,2634991.26,1092175.77,1,A,0,571917.94
COV-2152,5.4,Servicios,2253831.28,1266544.61,3,A,0,437348.18
COV-2153,3.8,Manufactura,1577794.24,474144.0,3,A,0,1240046.96
COV-2154,16.8,Servicios Profesionales,4499715.23,3926657.57,1,B,0,1322188.01
COV-2155,12.2,Construcción,17083391.1,9212642.07,3,A,0,197601.62
COV-2156,5.2,Manufactura,3759841.02,1888277.8,2,A,0,261305.33
COV-2157,,Construcción,8851683.41,8123969.39,4,B,0,117907.13
COV-2158,12.1,Retail,814050.82,286180.13,2,A,0,666013.31
COV-2159,6.3,Tecnología,3827649.4,1434919.07,3,A,0,861670.2
COV-2160,2.1,Construcción,1091028.82,415415.7,1,,1,114699.89
COV-2161,23.2,Retail,746443.4,437733.61,3,A,0,280632.45
COV-2162,3.7,Retail,1560674.4,1071131.93,1,B,0,115006.75
COV-2163,3.2,Servicios Profesionales,10765954.31,8052235.04,3,B,1,180087.87
COV-2164,12.3,Retail,,9419863.27,0,B,0,767594.64
COV-2165,25.0,Tech,4168241.17,625709.31,0,B,0,212461.89
COV-2166,14.8,Construcción,705949.82,509517.25,1,A,0,327477.31
COV-2167,9.8,Servicios Profesionales,2686418.22,1312513.79,2,C,1,86915.21
COV-2168,9.9,Manufactura,4420219.92,2133715.17,1,B,0,533380.43
COV-2169,11.3,Servicios Profesionales,3896293.32,1854813.19,0,C,0,423253.55
COV-2170,10.8,Tech,517211.12,216321.52,2,B,0,213425.0
COV-2171,8.5,Retail,1342014.17,1257339.74,0,D,1,366218.6
COV-2172,7.8,Servicios,3066116.2,2356186.02,3,,1,529821.21
COV-2173,7.2,Tecnología,5588888.06,3379260.78,2,D,0,195855.39
COV-2174,5.1,Tecnología,363622.74,316425.65,2,B,0,101087.07
COV-2175,6.4,Retail,2779762.43,826963.22,1,B,0,2691406.38
COV-2176,3.2,Tech,3771746.71,1259231.49,0,C,0,234855.87
COV-2177,7.0,Retail,7645379.13,1256949.67,0,C,0,401611.26
COV-2178,4.5,Retail,6536141.63,3007390.48,1,D,0,1215711.1
COV-2179,4.3,Construcción,5853622.85,3701478.15,2,B,0,15082643.26
COV-2180,,Tech,1468951.58,911589.8,4,C,0,127454.35
COV-2181,14.8,Retail,485045.44,305514.79,3,A,0,693722.44
COV-2182,11.7,Retail,2206564.29,701221.05,3,B,0,218043.03
COV-2183,,Retail,8900622.94,6770089.27,2,A,0,258127.7
COV-2184,4.5,Manufactura,13170032.32,8533199.82,1,B,0,215300.06
COV-2185,11.8,Retail,,4967056.31,0,D,0,143536.56
COV-2186,4.5,Retail,5022010.06,1112111.9,2,A,0,424517.55
COV-2187,6.6,Servicios Profesionales,4778511.47,3164799.41,0,B,0,101265.12
COV-2188,9.7,Tech,1874553.87,679426.34,4,B,0,1140306.41
COV-2189,4.6,Tecnología,2870336.15,1494111.43,2,A,0,467429.09
COV-2190,7.8,Tecnología,17349418.12,12263834.88,0,B,0,674977.73
COV-2191,3.8,Retail,1273706.86,787429.43,0,B,0,277565.27
COV-2192,5.5,Construcción,16432617.52,7060964.35,1,A,0,306445.76
COV-2193,8.7,Construcción,2368984.28,1424362.77,1,,0,589814.82
COV-2194,3.3,Construcción,12303964.79,3613587.56,2,D,1,138129.84
COV-2195,9.2,Construcción,800654.65,664586.18,0,A,0,309282.25
COV-2196,7.3,Construcción,5873164.84,3282765.53,0,A,0,187284.94
COV-2197,9.7,Servicios,1564739.42,1288891.49,1,B,0,181576.29
COV-2198,8.3,Retail,793915.89,392745.16,2,C,0,53645.98
COV-2199,14.6,Tecnología,,2014560.71,1,A,0,1688458.58
COV-2200,7.9,Tech,8970677.75,4011351.97,3,A,0,222673.37
COV-2201,6.0,Tech,1404312.7,1088672.06,1,B,0,1416041.78
COV-2202,7.9,Servicios,730134.5,334484.67,1,D,1,1288246.21
COV-2203,9.7,Retail,2982150.48,2173746.4,3,B,0,122271.63
COV-2204,7.6,Manufactura,2995329.11,1568083.31,2,B,0,148983.19
COV-2205,7.5,Construcción,5656521.17,1158497.05,2,,1,5725857.97
COV-2206,5.2,Servicios,8449303.51,4105830.78,1,B,0,2548271.75
COV-2207,5.3,Servicios,3080445.6,1121831.62,3,C,0,428686.64
COV-2208,3.7,Manufactura,20905091.82,12684803.0,2,B,0,572273.96
COV-2209,17.7,Manufactura,4090733.06,1480511.78,2,D,1,235426.4
COV-2210,4.0,Construcción,2311884.37,1815280.09,2,B,0,681705.29
COV-2211,5.2,Tecnología,652412.72,379563.82,1,C,1,215953.44
COV-2212,5.2,T.I.,2513886.4,1419040.61,2,B,0,57967.99
COV-2213,11.6,Servicios Profesionales,2335211.57,1707456.32,1,C,0,118000.51
COV-2214,6.4,Tecnología,,6770578.03,0,A,0,451844.22
COV-2215,13.8,Retail,5191242.47,3093877.98,2,B,0,142761.8
COV-2216,5.3,Tech,1005133.45,448048.23,1,C,1,413628.1
COV-2217,8.5,Servicios Profesionales,3883527.26,952264.48,4,,0,151045.89
COV-2218,4.9,Servicios Profesionales,6398225.04,2961034.88,2,B,0,202328.13
COV-2219,21.6,Tecnología,15067209.13,7180392.28,1,A,0,1038372.67
COV-2220,4.1,Construcción,7940636.29,4934402.63,0,C,0,566640.62
COV-2221,,Retail,6995982.78,3714661.34,0,A,0,438158.32
COV-2222,10.1,Construcción,3471460.63,2560502.82,2,C,0,1065509.85
COV-2223,9.1,Manufactura,4820132.65,2301147.45,1,B,0,715408.22
COV-2224,6.7,Servicios Profesionales,11404344.08,6712503.03,1,A,0,1879588.24
COV-2225,6.9,Retail,862182.81,721472.41,2,B,0,279327.65
COV-2226,7.6,Manufactura,,1540534.34,0,A,0,287899.01
COV-2227,6.9,Servicios,1509714.7,887700.91,4,,0,120438.04
COV-2228,12.0,Retail,,2290712.43,1,B,0,288087.43
COV-2229,22.3,Servicios Profesionales,11186543.89,5295192.17,0,,0,1160974.03
COV-2230,5.6,Construcción,1799511.35,773569.17,2,D,1,1623325.49
COV-2231,3.7,Retail,299447.87,147268.05,0,A,0,1155802.16
COV-2232,7.1,T.I.,2164671.67,1625956.69,0,B,0,73556.43
COV-2233,26.8,Servicios Profesionales,8149553.77,4528074.18,0,B,0,1306869.59
COV-2234,4.9,Tecnología,5596376.56,1847058.26,0,B,0,70367.12
COV-2235,16.8,Manufactura,5016215.12,4783632.58,4,B,0,1086114.63
COV-2236,17.1,Retail,2470686.73,1640518.79,2,B,0,306267.9
COV-2237,5.6,Retail,909790.16,289869.44,4,C,0,893170.98
COV-2238,9.8,Retail,5472763.85,2800031.34,1,,0,116722.16
COV-2239,16.7,Retail,1419362.22,883094.92,2,A,0,1427118.07
COV-2240,6.1,Tecnología,29037444.17,27321866.05,1,B,0,102234.58
COV-2241,6.7,Construcción,5783428.37,2188319.22,0,A,0,226736.79
COV-2242,5.5,Construcción,1829131.27,1454540.08,1,A,0,163065.2
COV-2243,4.4,Tecnología,1773764.62,1560730.67,2,B,0,76551.21
COV-2244,5.3,Retail,2978873.58,1412787.81,2,B,0,486274.02
COV-2245,4.0,Manufactura,2572781.27,1400872.39,2,B,0,2692791.96
COV-2246,7.5,Manufactura,9987389.2,3922428.76,1,C,0,6368695.52
COV-2247,5.0,Retail,3938916.21,2203066.45,1,B,0,487553.73
COV-2248,8.3,Servicios,1572800.37,932170.48,2,B,0,1351440.04
COV-2249,3.4,Servicios,21648369.23,15845090.88,0,A,0,557989.06
COV-2250,8.7,Manufactura,3434247.29,2809340.3,0,B,0,728602.21
COV-2251,11.2,Manufactura,7052125.9,3176142.01,1,B,0,314220.85
COV-2252,2.7,Construcción,1779376.34,367503.47,2,B,0,537711.22
COV-2253,8.9,T.I.,4700200.04,2800149.08,3,C,0,757272.7
COV-2254,13.7,Manufactura,4462010.43,2939159.76,2,B,0,248088.36
COV-2255,,Construcción,494029.6,321061.7,1,B,0,409423.64
COV-2256,17.1,Construcción,24526754.75,13113605.92,2,,0,417303.85
COV-2257,,Manufactura,11883298.22,7426472.21,1,B,0,1010952.3
COV-2258,5.2,Manufactura,2197442.37,1984485.95,3,B,0,152354.88
COV-2259,,Servicios,1085694.31,734305.91,1,,0,420188.12
COV-2260,9.8,Construcción,4627658.68,2431030.88,0,A,0,2993654.59
COV-2261,7.7,Construcción,3565082.31,1782400.11,1,A,0,1417010.82
COV-2262,9.7,Retail,4665329.16,2640714.06,0,B,0,1705176.27
COV-2263,4.7,Manufactura,3959298.4,3671647.42,3,C,1,453355.49
COV-2264,8.0,Servicios,5423440.71,3055240.32,1,B,0,609867.84
COV-2265,3.6,Servicios,13898697.65,8284195.47,2,A,0,1205296.52
COV-2266,7.0,Retail,5769541.69,2905179.36,1,C,0,2105904.3
COV-2267,4.7,Construcción,1144346.74,938131.65,4,C,1,62843.14
COV-2268,5.1,Tecnología,12769407.8,12666836.91,0,C,0,118724.23
COV-2269,13.7,Construcción,16862698.71,11637329.64,0,B,0,1638749.65
COV-2271,10.0,Tech,1062894.03,645555.67,1,A,0,225997.5
COV-2272,4.3,Servicios Profesionales,4167729.72,513208.58,2,A,0,126227.23
COV-2273,6.3,Tecnología,407542.82,305261.87,1,A,0,253973.01
COV-2274,13.6,Retail,5683905.58,3562861.2,1,C,0,108839.62
COV-2275,7.9,Tecnología,1889456.35,1295540.53,0,A,0,3580790.96
COV-2276,23.6,Retail,22374798.02,10241114.23,2,B,0,432597.9
COV-2277,9.0,Tecnología,1506628.65,788130.44,1,B,0,417504.02
COV-2278,8.1,Retail,603690.52,312587.94,0,B,0,796575.09
COV-2279,6.3,Retail,2040562.9,1641274.93,2,C,0,1158162.4
COV-2280,7.9,Retail,453391.93,237689.83,2,A,0,1139258.48
COV-2281,6.8,Retail,6928122.8,7042658.97,1,B,0,1294483.0
COV-2282,10.5,Tech,414536.77,284443.73,1,C,0,235426.6
COV-2283,11.9,Tech,3363382.03,1159907.59,2,A,0,328447.8
COV-2284,5.0,Servicios,409293.66,235053.56,1,B,1,954584.7
COV-2285,3.8,Retail,2373087.0,1114555.85,1,,1,261087.52
COV-2286,3.0,Retail,16909364.79,2724496.14,2,D,1,440159.91
COV-2287,9.5,Retail,4688615.49,4313030.14,0,C,0,659187.81
COV-2288,4.3,Retail,1378499.84,1020956.28,3,B,0,970129.73
COV-2289,,Construcción,3168587.65,2239055.41,2,B,0,74780.99
COV-2290,,Retail,3328448.62,2107176.69,1,A,0,904145.57
COV-2291,,Manufactura,5244184.71,1696999.75,3,A,0,350205.69
COV-2292,7.4,Retail,833293.86,419377.28,5,A,0,897580.16
COV-2293,11.2,Retail,5912428.83,4542851.08,1,B,0,962155.82
COV-2294,,Servicios,218733.28,85252.61,1,C,0,2208700.87
COV-2295,7.0,Tecnología,1741252.86,163061.6,2,B,0,1712480.82
COV-2296,11.7,Retail,2006146.26,1112566.18,2,B,0,1700736.01
COV-2297,6.4,Retail,6158395.47,3520437.47,0,B,0,1874158.5
COV-2298,8.4,Manufactura,,2096965.42,0,B,0,592069.31
COV-2299,8.7,Retail,801657.67,597799.11,4,D,0,456884.13
COV-2300,5.3,Retail,1220787.71,888148.89,1,,1,1058980.36
COV-2301,12.1,Construcción,3987519.87,2598881.87,0,B,0,919955.84
COV-2302,6.8,Tecnología,3020499.15,2534519.8,0,B,0,324789.89
COV-2303,5.1,Servicios,1831921.35,542626.18,2,A,0,663194.38
COV-2304,,Servicios Profesionales,2021127.76,1416641.52,2,B,0,427155.56
COV-2305,,Servicios Profesionales,6557814.81,4756433.4,3,C,1,188351.86
COV-2306,7.5,Servicios,1947987.66,685862.19,1,A,0,1607934.09
COV-2307,7.4,Tecnología,2993365.08,896290.97,2,A,0,467520.86
COV-2308,12.7,Tech,28629167.19,12906359.94,2,A,0,3432187.11
COV-2309,9.4,Retail,787262.77,368196.27,2,C,0,87073.49
COV-2310,7.3,Servicios,513064.72,385149.42,0,C,1,253525.89
COV-2311,11.1,Servicios Profesionales,7156915.61,3414508.92,1,B,0,457091.49
COV-2312,14.8,Construcción,1658388.55,711001.41,2,,0,1379706.15
COV-2313,9.8,Tecnología,2377981.25,1135898.04,0,C,0,659653.1
COV-2314,7.4,Servicios,,1232958.17,0,C,0,603482.76
COV-2315,3.8,Retail,2521084.84,1519227.59,3,C,1,143305.82
COV-2316,4.3,Tecnología,16167896.11,9121115.27,2,C,1,139115.33
COV-2317,,Retail,7290833.69,4214093.85,2,B,0,610787.67
COV-2318,5.4,Manufactura,7742409.58,6646177.81,1,B,0,113084.88
COV-2319,6.7,Retail,793154.21,357050.78,1,C,0,259918.2
COV-2320,7.6,Tecnología,1033897.57,892358.71,0,D,0,730085.79
COV-2321,,Retail,191170.57,122750.48,3,A,0,165657.18
COV-2322,7.1,Manufactura,1455149.47,826402.85,1,A,0,2203055.82
COV-2323,9.4,Construcción,8509580.35,9362070.96,0,D,1,1504447.6
COV-2324,7.6,Retail,5481813.4,2131724.3,3,A,0,91911.37
COV-2325,2.8,Servicios,2619480.93,1386393.94,1,C,1,174142.42
COV-2326,4.6,Servicios Profesionales,3196924.19,1130156.67,2,B,0,44991.23
COV-2327,6.9,Retail,1641489.23,1297584.75,1,A,0,202280.1
COV-2328,4.0,T.I.,4011833.32,3762448.88,0,A,0,952064.89
COV-2329,10.0,Retail,7031272.66,6567100.08,2,A,0,292466.4
COV-2330,15.9,Servicios Profesionales,649600.74,548776.05,0,,0,701374.49
COV-2331,13.6,Servicios,4411157.51,2472347.5,1,B,0,96535.46
COV-2332,6.6,Tecnología,8305552.88,4376626.08,1,C,1,982617.55
COV-2333,15.6,Tecnología,2158447.37,573642.02,1,D,0,253949.52
COV-2334,8.0,Manufactura,6587606.33,6634870.48,1,B,0,447830.32
COV-2336,5.4,Tech,2945111.42,1477293.27,0,B,0,124051.43
COV-2337,6.4,Servicios,4844269.66,4193254.93,5,B,1,139652.95
COV-2338,6.1,Construcción,1562726.98,633603.12,0,B,0,1164490.8
COV-2339,8.0,Construcción,3918624.13,2669854.26,0,A,0,659338.38
COV-2340,8.0,Construcción,5179772.14,2929027.37,3,A,0,1264325.13
COV-2341,7.4,Servicios Profesionales,3972246.42,2890744.45,1,A,0,612104.46
COV-2342,9.2,Manufactura,1179150.33,692497.65,3,,0,510420.73
COV-2343,13.4,T.I.,4018269.0,1244917.69,2,C,0,78746.52
COV-2344,11.9,Servicios Profesionales,14107201.06,8677554.85,2,A,0,337605.49
COV-2345,3.5,Retail,5119850.33,4145915.68,1,C,0,430462.58
COV-2346,2.1,Construcción,8554664.0,5082811.09,2,D,0,3119262.64
COV-2347,11.8,Construcción,2579195.35,1947351.87,0,D,0,879366.14
COV-2348,3.7,Servicios Profesionales,6919819.47,2704916.62,1,D,1,2055564.74
COV-2349,6.6,Retail,4322168.66,2570600.48,0,A,0,804147.27
COV-2350,4.1,Manufactura,1263112.25,600101.99,1,B,0,217226.7
COV-2351,3.0,Construcción,4495201.29,3368686.62,0,A,0,497387.27
COV-2352,,Construcción,1212631.48,735216.42,1,C,1,560297.77
COV-2353,10.8,Retail,,1281226.32,1,C,0,172964.98
COV-2354,5.5,Retail,3950403.59,3229621.19,3,C,1,301224.96
COV-2355,2.0,Construcción,4400568.4,3249044.01,0,B,0,360134.56
COV-2356,5.6,Manufactura,995268.21,651526.15,0,C,0,2203637.21
COV-2357,9.0,Servicios,9379019.37,3754961.2,2,A,0,55229.88
COV-2358,,Construcción,,3472035.29,1,A,1,1477435.57
COV-2359,8.1,Retail,1615688.22,797151.36,4,C,0,173373.72
COV-2360,7.3,Tecnología,702510.2,373164.43,0,,0,112186.82
COV-2361,9.9,Retail,2828042.75,1484985.93,1,D,0,1439695.41
COV-2362,7.8,Manufactura,2092889.67,845558.58,2,,0,919787.62
COV-2363,4.5,Construcción,3660610.36,763355.43,4,C,0,1551167.92
COV-2364,13.4,Servicios Profesionales,2273618.88,1060350.8,3,B,0,985300.5
COV-2365,6.8,Construcción,439126.65,280459.6,1,C,0,3470624.13
COV-2366,7.3,Servicios,2216972.45,732409.2,1,C,0,773533.17
COV-2367,4.6,Manufactura,2408177.73,1452459.76,2,D,0,378330.19
COV-2368,5.9,Retail,6160453.94,6037575.58,0,A,0,623389.23
COV-2369,4.7,Manufactura,1626271.17,1308516.18,1,D,0,1534122.52
COV-2370,6.8,Manufactura,17516864.72,16268057.69,0,A,0,202931.69
COV-2371,17.4,Retail,483283.85,327775.47,1,A,0,230524.27
COV-2372,3.7,Manufactura,12129699.38,10110128.26,0,B,0,324824.39
COV-2373,3.3,Servicios Profesionales,2612141.73,1189065.34,4,C,1,53928.65
COV-2374,15.4,Tech,7722007.08,3638084.23,1,B,0,507919.58
COV-2375,6.7,Tecnología,3540581.31,184719.06,5,C,1,67095.44
COV-2376,5.3,Tech,10216918.04,8553901.04,1,C,0,466521.47
COV-2377,12.4,Retail,2219157.19,2015138.52,0,A,0,1051039.0
COV-2378,5.5,Retail,1089663.59,533242.73,2,,1,274614.49
COV-2379,18.4,Tecnología,13531140.45,7431433.03,1,A,0,2366957.35
COV-2380,10.4,Servicios Profesionales,2918322.01,1310990.73,2,C,0,102692.99
COV-2381,5.8,Retail,4079799.79,2760109.85,3,B,0,1456083.25
COV-2382,21.7,Construcción,11237330.95,9270646.43,2,B,0,869033.59
COV-2383,5.5,T.I.,,292879.39,0,B,0,79536.14
COV-2384,10.7,Servicios,5929739.84,4043416.7,1,A,0,6654436.27
COV-2385,8.6,Retail,1812296.25,987095.51,2,B,0,415091.69
COV-2386,14.2,T.I.,2864288.81,1783532.14,0,,0,183967.79
COV-2387,16.1,Servicios,3514047.15,2431013.6,0,A,0,108327.34
COV-2388,7.5,T.I.,729254.56,410103.24,4,A,0,355038.66
COV-2389,5.1,T.I.,1500280.96,869086.7,1,,0,389489.87
COV-2390,9.3,Construcción,12623527.5,7034144.69,2,C,1,490237.64
COV-2391,5.3,Servicios,7930218.83,6297095.26,2,B,0,328471.0
COV-2392,20.2,Retail,3070529.02,2099480.33,0,C,0,833363.59
COV-2393,7.9,Tecnología,4168736.12,2685152.58,2,B,0,300249.83
COV-2394,6.2,Tecnología,2435731.05,842299.32,3,B,0,63897.52
COV-2395,8.1,Tech,12693281.37,6654884.98,2,B,0,381031.95
COV-2396,3.8,Retail,2675501.57,2086179.09,2,B,0,41461.57
COV-2397,4.5,Retail,4121971.36,2504259.65,0,B,0,630186.21
COV-2398,13.5,Construcción,10283283.2,7526399.7,0,A,0,166158.89
COV-2399,5.3,Tech,1502481.32,1432318.99,3,C,1,520924.48
COV-2400,4.4,Construcción,15537844.47,12550246.6,1,C,0,1646356.1
COV-2401,9.7,T.I.,707532.32,437701.9,1,A,0,171313.64
COV-2402,13.4,Servicios,16678685.27,8302685.65,1,C,0,1278574.39
COV-2403,10.6,Tecnología,2251989.07,201080.29,2,A,0,286820.09
COV-2404,12.2,Construcción,2564569.67,1452374.83,3,A,0,2554059.99
COV-2405,5.1,Servicios,493851.34,264110.46,2,A,0,307075.03
COV-2406,3.6,Tecnología,2074447.23,1406627.15,1,C,0,190900.38
COV-2407,,Retail,1155673.06,657831.01,0,C,0,879614.0
COV-2408,6.3,Servicios Profesionales,1780408.97,954162.1,0,C,0,286132.5
COV-2409,6.5,Tech,2849599.55,695644.85,1,A,0,190717.87
COV-2410,14.4,Manufactura,8518847.46,3509819.97,2,B,0,274350.06
COV-2411,9.8,Retail,4023261.1,2797494.98,2,C,0,423112.54
COV-2412,9.3,Manufactura,4446717.11,4194061.43,2,A,0,1693283.55
COV-2413,21.8,Retail,1093047.92,634508.77,0,B,0,63953.55
COV-2414,5.4,Retail,1354910.43,901777.19,3,A,0,452743.34
COV-2415,11.8,Servicios Profesionales,19751204.18,15613240.62,2,A,0,826457.35
COV-2416,7.6,Construcción,1567196.58,686151.91,3,B,0,536836.35
COV-2417,8.5,Servicios,17127711.27,11533163.77,1,B,0,1639439.82
COV-2418,15.9,Retail,2563640.31,1158514.13,2,A,0,410714.94
COV-2419,9.5,Retail,3276505.24,2532623.5,1,A,0,367856.63
COV-2420,9.7,Tecnología,9533907.0,6009036.72,2,A,1,799970.03
COV-2421,12.6,Manufactura,11662538.46,7693664.23,1,A,0,488607.02
COV-2422,6.2,Construcción,2926118.74,1297675.96,2,A,0,299416.62
COV-2423,4.9,Tecnología,2217202.77,1643848.48,0,B,0,741287.66
COV-2424,4.4,T.I.,3091229.76,3143603.18,0,,0,230376.85
COV-2425,,Manufactura,4583426.99,1826118.26,2,B,0,240102.9
COV-2426,20.7,Tecnología,,4240884.83,0,C,0,260929.62
COV-2427,4.3,Manufactura,3282874.14,2121792.12,0,C,0,1711822.52
COV-2428,6.6,Construcción,6070104.01,4596775.91,2,A,0,17658.7
COV-2429,6.4,Tecnología,16824719.0,8211989.6,1,A,0,657104.82
COV-2430,8.6,Manufactura,4786498.08,159840.04,6,C,0,457838.52
COV-2431,11.1,Manufactura,4464433.35,3892262.19,1,A,0,82382.6
COV-2432,11.4,Retail,,538318.04,1,A,0,603032.75
COV-2433,5.5,Tecnología,235453.77,59195.55,0,A,1,711942.19
COV-2434,6.8,Retail,4820439.81,2306514.13,1,B,0,797820.75
COV-2435,8.5,Servicios,2973278.48,2716495.7,1,B,0,31199.96
COV-2436,6.5,Manufactura,1953664.36,1737900.27,4,D,1,1734776.96
COV-2437,16.5,Tecnología,4170432.08,3285166.14,0,,0,211559.87
COV-2438,9.4,Construcción,3077401.93,1738047.41,1,B,0,879024.23
COV-2439,10.7,T.I.,10097316.47,6225979.93,0,,0,928266.16
COV-2440,10.3,T.I.,3562990.82,2044497.0,1,A,0,184112.62
COV-2441,13.3,Retail,1548932.77,1278873.18,1,A,0,856371.84
COV-2442,8.1,Retail,8799154.88,3738158.33,0,,0,300892.03
COV-2443,3.9,Tecnología,2630985.17,1154581.71,0,A,0,55749.45
COV-2444,9.0,Manufactura,5534637.8,4439083.46,0,A,0,1422237.55
COV-2445,5.3,Servicios Profesionales,2028058.1,1198841.34,2,A,0,203812.36
COV-2446,5.7,Retail,,1494696.82,1,B,0,188246.31
COV-2447,9.9,Manufactura,3556075.94,1656055.88,1,D,0,295650.75
COV-2448,13.7,Retail,3311224.58,1950458.06,2,B,1,580843.55
COV-2449,7.5,Construcción,5282061.61,2194788.52,4,D,1,417788.08
COV-2450,8.6,Retail,2498882.64,1503009.28,2,,0,765333.47
COV-2451,17.3,Servicios,521070.29,158556.8,0,,0,115903.2
COV-2452,8.3,Retail,2120634.97,1065562.48,1,B,0,210578.47
COV-2453,27.1,Tecnología,7230497.97,2261332.65,1,A,0,393959.32
COV-2454,9.8,Manufactura,2428110.45,1793850.72,4,A,0,2951686.6
COV-2455,3.1,Construcción,,1899279.36,0,,1,394820.88
COV-2456,10.8,Construcción,8765871.54,2226070.76,1,D,0,1309586.85
COV-2457,8.9,Manufactura,1604025.19,1390332.38,1,,0,459803.81
COV-2458,,Construcción,698853.76,768377.85,2,,0,272758.31
COV-2459,10.3,Construcción,2783915.31,1695964.76,1,,0,345682.35
COV-2460,6.9,Construcción,2014388.13,950342.29,5,A,0,373838.92
COV-2461,4.0,Construcción,1243889.45,1448964.68,2,B,0,809074.06
COV-2462,6.7,Retail,2743161.22,922268.09,0,A,0,1749098.85
COV-2463,4.8,Servicios,5344110.37,3227956.46,1,B,0,633921.78
COV-2464,5.5,Retail,3238793.49,2059627.98,2,A,0,1450005.17
COV-2465,9.9,Retail,4443625.13,3861641.43,1,B,0,168587.51
COV-2466,17.0,Construcción,20043344.24,13468080.97,1,A,0,292251.35
COV-2467,9.0,Manufactura,2320100.68,1160684.24,1,B,0,214421.17
COV-2468,4.1,Tech,4318197.53,1769438.12,0,D,1,605884.46
COV-2469,9.2,Construcción,1964575.28,1044438.23,0,B,0,308983.02
COV-2470,13.4,Construcción,1402322.4,558986.08,0,C,0,917835.02
COV-2471,5.4,Construcción,,1110235.55,3,C,0,174381.08
COV-2472,6.9,Retail,2025326.4,986659.56,0,D,0,461866.41
COV-2473,7.4,Retail,4683123.21,1410521.31,1,C,1,879279.33
COV-2474,5.0,Servicios Profesionales,34245844.5,29144212.2,2,B,0,56089.13
COV-2475,10.2,Retail,1597509.74,799498.5,1,C,1,3691824.39
COV-2476,7.0,Retail,2155158.21,746487.84,1,A,0,333316.62
COV-2477,9.1,Manufactura,3069044.97,1738148.01,1,B,0,58393.51
COV-2478,4.7,T.I.,4856355.65,2980220.72,1,D,0,518188.26
COV-2479,5.9,Servicios,4254768.07,1066698.67,1,C,0,457459.42
COV-2480,10.6,Manufactura,11805732.71,7866508.37,2,D,0,407626.1
COV-2481,6.1,Tecnología,288834.15,112809.52,2,C,1,1192057.2
COV-2482,17.5,Retail,300460.07,283095.21,1,C,0,934199.2
COV-2483,6.1,Retail,1990948.72,1403204.93,1,C,0,595928.63
COV-2484,8.3,T.I.,9794192.71,5093176.11,2,C,1,693950.31
COV-2485,11.8,Tecnología,683069.55,308041.45,1,B,0,398571.25
COV-2486,3.6,T.I.,161517.32,93519.57,2,D,1,2611645.0
COV-2487,3.1,Retail,5787317.28,4181673.26,1,C,0,100790.96
COV-2488,3.4,Construcción,4170961.84,2481310.1,3,C,1,508719.3
COV-2489,13.9,Tecnología,1098868.52,611595.32,2,B,0,472137.07
COV-2490,5.6,Servicios,1220120.76,746316.22,1,B,0,997772.33
COV-2491,26.6,Tecnología,1239546.67,594025.74,2,A,0,190259.86
COV-2492,5.6,Construcción,3651086.37,1940036.93,4,,1,77367.91
COV-2493,,Servicios,1747478.98,319511.7,0,B,0,517530.13
COV-2494,16.0,Servicios,5357799.56,4258085.73,3,A,0,586091.09
COV-2495,20.1,Construcción,188221.24,124180.76,1,A,0,1962244.27
COV-2496,20.7,T.I.,1387685.95,617948.81,3,C,0,124198.7
COV-2497,13.5,Servicios Profesionales,1060176.58,1038704.82,0,,0,1403800.51
COV-2498,12.3,Tech,2529821.54,1561920.16,0,C,0,4720448.45
COV-2499,9.9,Manufactura,1908736.84,749697.02,1,B,0,303226.43
